user_id,first_name,middle_name,last_name,apt_no,street,city,state,zip_code,gender,dob,user_type
1016011,Alice,Kaitlyn,Compton,1162,Martin Heights,Lake Jeremyland,NY,13566,Female,2005-07-24,Student
1859226,Lori,Robin,Frost,1267,Lopez Springs,Port Michaelbury,NY,12707,Female,1996-02-27,Student
1984955,Eric,Ryan,Sanford,8120,Hicks Row,East Michelle,CT,6031,Male,1995-05-31,Student
1692830,Lynn,Mariah,May,4192,Frank Port,Morrisonchester,MA,2604,Female,2004-07-17,Student
1958028,David,Gregory,Kelley,9123,Meyer Way,North Jameston,NY,14464,Male,2000-01-13,Student
1572983,Eric,Richard,Conner,3043,Christopher River,Port Bobbytown,MA,1303,Male,2001-10-22,Student
1661715,Nancy,Natalie,Nichols,3991,Kimberly Rapid,East Michelleland,NY,10213,Female,2001-08-10,Student
1735541,Sylvia,Michelle,Schwartz,9800,Johnson Keys,Port Michael,MA,2070,Female,1998-01-06,Student
1152259,Darren,Nicholas,Hill,1140,Cook Mall,West Toddhaven,NJ,7581,Male,2003-04-15,Student
1585853,Jeffery,Michael,Allen,2261,David Cliffs,West Anna,NY,13353,Male,1998-09-24,Student
1596279,Jon,Joseph,Figueroa,3388,James Center,Lopezton,CA,90745,Male,1997-01-20,Student
1824181,Robert,Cory,Patrick,7588,Derek Roads,East Steven,NY,14844,Male,2000-05-06,Student
1763308,Julie,Pamela,Wagner,8550,Ryan Cove,Lake Matthewchester,NY,13996,Female,2006-09-23,Student
1854597,Charles,Ralph,Ellis,3793,Gina Motorway,Lake Laura,CA,93206,Male,2001-02-19,Student
1059906,Chelsea,Christine,Ashley,7876,Fuller Forks,Thomasberg,VA,24130,Female,2007-01-26,Student
1888435,Thomas,James,Allen,3839,Jason Isle,South Susan,IL,62168,Male,2001-07-21,Student
1447416,Brandon,Joseph,Thompson,3243,Blackwell Lock,Johnview,NY,10339,Male,1995-03-27,Student
1291628,John,Mark,Ross,6048,Benjamin Terrace,Deniseburgh,NY,10314,Male,1995-07-28,Student
1385540,Tonya,Michelle,Terry,1921,Wilkins Circle,Aprilfort,NY,11824,Female,2003-09-09,Student
1799809,Michael,Cory,Kelly,4734,Tiffany Pike,Reesetown,NY,11276,Male,2002-11-04,Student
1682852,Erik,Adam,Hardy,5641,Cody Key,Lake Christopher,NJ,7952,Male,1998-05-13,Student
1464480,Carmen,Nicole,Perry,2457,Long Path,Lake Lynnshire,NY,13513,Female,1999-03-07,Student
1787970,Jenny,Jessica,Duffy,6177,Jason Rue,Richardville,NY,10217,Female,1998-06-27,Student
1564995,Yolanda,Lauren,Boyle,3528,Kristine Ford,Heathermouth,NY,13294,Female,1995-03-26,Student
1977087,David,Robert,Pollard,1954,Wright Common,Joneshaven,NY,11842,Male,1998-03-14,Student
1349270,Steven,John,Jefferson,7655,Willis Isle,North David,NJ,8533,Male,2007-02-10,Student
1985069,Vanessa,Teresa,Hall,9298,Bowman Drive,Elliottmouth,PA,18575,Female,1999-07-28,Student
1361935,Karen,Sarah,Harris,3450,Hughes Landing,East Matthewmouth,NY,13897,Female,1997-03-29,Student
1462947,Derek,Mark,Miller,4454,Laura Glen,Danielmouth,TX,78107,Male,2006-08-14,Student
9470370,Marissa,Dawn,Velez,1374,David Wall,West Deborahport,NY,13521,Female,1955-12-28,Faculty
1566762,Brandon,Richard,Peterson,6300,Gonzales Mall,South Jacob,MD,21304,Male,2004-10-31,Student
1256084,Tabitha,Sarah,Patterson,8328,Moore Isle,Lake Royland,MA,2576,Female,1998-02-24,Student
1754890,Dana,Laura,Henry,2877,Daniel Rue,Vasquezshire,IL,61312,Female,1995-10-21,Student
1061140,Kelsey,Wendy,Alvarado,1968,Edwin Lights,Livingstonshire,PA,16451,Female,2003-09-02,Student
1276542,Allison,Katrina,Wagner,9346,Perez Mountains,South Danielburgh,NJ,8987,Female,2001-06-14,Student
1216093,Jordan,Michelle,Clements,3734,Charles Mountain,East Patriciafurt,FL,32746,Female,2006-08-08,Student
1278640,Steven,Bryan,Smith,6167,Christian Mount,New Joyce,OH,43788,Male,1997-03-06,Student
1881009,Rodney,Christopher,Douglas,4268,Terry Shores,West Sara,MA,2400,Male,2002-09-17,Student
1037857,Maria,Lisa,Lopez,1357,Lori Springs,Brittanymouth,NJ,8032,Female,2001-02-04,Student
1090707,Dylan,Thomas,Nolan,6138,Lee Oval,Wellston,NJ,8594,Male,2007-08-07,Student
1621742,Donald,Tyler,Hunt,9606,Peck Crescent,North Sabrinatown,MD,21590,Male,1998-05-20,Student
1387511,Robert,Kevin,Chavez,2480,Anderson Junctions,Mitchellborough,NY,12093,Male,1995-11-19,Student
1820632,Jill,Jacqueline,Smith,7467,Christian Crescent,South Kimberly,MD,21001,Female,2006-02-08,Student
1493144,Eric,Gavin,Marquez,2193,House Roads,Terriberg,TX,77155,Male,1998-07-28,Student
1936639,Misty,Sandra,Arias,7908,Mckinney Islands,Carolynburgh,MA,1154,Female,2006-11-15,Student
1793459,April,Lauren,Smith,7676,Miller Brooks,Beverlyland,IL,61654,Female,1999-04-05,Student
1340308,Nicholas,Justin,Williams,5421,Martin Springs,Mikeside,NY,10583,Male,2000-09-06,Student
1079177,Michelle,Alyssa,Jones,9979,Spencer Street,Bradfordhaven,MD,21672,Female,2003-10-25,Student
1267506,Sandra,Carla,King,6392,Williamson Road,East Mikeport,IL,62272,Female,1998-12-22,Student
1486306,Julie,Lisa,Turner,6864,Smith Shores,Oconnellborough,IL,62509,Female,2006-07-01,Student
1230563,Shawn,Shawn,Wall,1583,Delgado Forge,Lake Mackenziehaven,NY,11882,Male,2001-07-24,Student
9203655,Amanda,Brittany,Orr,7146,Williams Garden,New Benjaminhaven,NY,11262,Female,1950-09-14,Faculty
1526597,Jon,Lee,Griffin,3906,Harmon Hollow,East Ryanshire,NY,11575,Male,2004-10-20,Student
1626905,Pamela,Rebecca,Daniels,8761,Crystal Shore,Beverlymouth,CT,6286,Female,1995-04-13,Student
1517824,Robert,Richard,Fitzgerald,7271,Nicholas Drive,Katherinefurt,VA,24525,Male,2003-12-28,Student
1890881,Peter,Peter,Trevino,3105,Timothy Drives,Biancaland,FL,34316,Male,1996-07-31,Student
1481731,Donald,Mark,Ward,2614,Joseph Islands,East Philip,NY,12123,Male,2002-12-27,Student
1929244,Brittany,Michele,Moore,4866,Herman Loop,Port Lindseyhaven,NY,10356,Female,2002-11-25,Student
1474675,Christopher,Collin,Nguyen,7044,Sabrina Place,West Christopherfort,MA,1089,Male,2003-04-02,Student
1453765,Jason,William,Evans,1902,Soto Light,New Jenniferbury,NJ,8925,Male,1998-10-11,Student
1976451,Jodi,Janice,Flores,7952,Mccoy Manors,Lopezfort,NJ,8405,Female,1995-06-14,Student
1467938,Lisa,Kathleen,Harris,7347,Christopher Dale,Michaelhaven,CA,91970,Female,2000-09-05,Student
1290483,Nicholas,Jared,Gamble,2057,Cole Inlet,West Amanda,PA,17622,Male,1998-07-08,Student
1040625,Luis,Frank,Mcintosh,5580,Randall Oval,North Daniel,NY,13011,Male,1994-12-05,Student
1856148,John,Richard,Martin,7729,Travis Pines,Lauraview,NJ,8903,Male,2007-05-11,Student
1890535,Alan,Joe,Alexander,7338,Calderon Burgs,Port Josephbury,CA,91082,Male,2000-09-25,Student
1585330,Melinda,Jean,Bennett,9733,Watson Bridge,Toddchester,CA,91014,Female,2004-04-07,Student
1174890,Terry,Anthony,Martin,9894,Tammy Port,Deborahland,NY,12167,Male,2002-11-20,Student
1575914,Michelle,Kristine,Spencer,7236,Brooks Place,Port Shannon,MA,1622,Female,2005-10-10,Student
1411615,Jennifer,Donna,Hudson,5799,David Isle,East Leahport,NY,14713,Female,1998-09-21,Student
1687549,Michelle,Alexandra,Marks,6132,Lopez River,Jessicastad,MA,1870,Female,1995-01-08,Student
9458370,Monica,Yvette,Kerr,1216,Kidd Cliffs,Brendaview,NY,11254,Female,1995-03-31,Faculty
1763992,Christina,Madeline,Harrison,8619,Mosley Highway,Kimberlyshire,FL,34065,Female,2003-09-08,Student
1633592,Taylor,Nathan,Norman,6364,Moreno Fall,Robertmouth,NJ,7618,Male,2000-08-02,Student
1432377,Debra,Lisa,Gallegos,2021,Joseph Tunnel,Markmouth,NJ,8381,Female,2003-08-20,Student
1123747,Randy,Michael,Malone,4703,Sherman Ways,Rodriguezport,NY,12658,Male,1997-07-03,Student
1528375,Joshua,Jeffrey,Vega,3291,Vicki Crescent,South Jenniferport,OH,45188,Male,2004-11-06,Student
1286733,Melissa,Elizabeth,Waters,1493,Jennifer Route,Kristopherton,NY,10321,Female,2000-03-11,Student
1856509,Tyler,Scott,Nolan,9281,Reyes Village,Michaelburgh,NY,13214,Male,1996-11-08,Student
1180846,Derek,Matthew,Lewis,5323,Robinson Spurs,Scottborough,OH,44743,Male,2002-01-18,Student
1478116,Devin,Tracy,Perez,4517,Beth Creek,South Andreashire,NY,10290,Male,1999-12-19,Student
1845550,Joshua,Curtis,Cox,2788,Wright Expressway,Port Kathy,MA,1680,Male,1995-11-08,Student
1541354,Leslie,Kelly,Watson,7745,Jones Groves,Charlesborough,PA,15826,Female,2004-09-25,Student
1603934,Vincent,Lance,Richardson,8618,Megan Parkway,Gillstad,FL,34774,Male,2006-02-17,Student
9722318,Thomas,Christopher,Simmons,6826,Cruz Loop,Mayton,NY,12866,Male,1981-04-21,Faculty
1441023,Jeffrey,Steve,Sullivan,5231,Hooper Garden,Zavalamouth,NY,13719,Male,2001-07-11,Student
1532227,Donna,Rebecca,Miller,5942,Thomas Islands,North Danielchester,NY,14560,Female,2002-03-14,Student
1251409,Tara,Kristina,Boone,7341,Hill Village,South Lance,NY,14349,Female,2003-09-16,Student
1886143,Stephen,Johnathan,Bowen,8559,Johnson Forges,Murraybury,NY,11079,Male,2003-01-23,Student
1123660,Lisa,Katherine,Patterson,9418,Jason Orchard,Rachelport,PA,18689,Female,1996-11-21,Student
1770972,Steven,Brian,Logan,2927,Bowers Center,South Garymouth,NJ,8434,Male,1995-11-14,Student
1023568,Jeffrey,Christopher,Brown,6464,White Knoll,Lake Travis,CA,91312,Male,2005-01-16,Student
1511037,Andrew,James,Jensen,2554,Paul Mountains,North Nathan,MA,1531,Male,2004-05-12,Student
1233487,Brian,Michael,Hanson,2694,Samuel Inlet,Port Anna,NY,13426,Male,1996-10-01,Student
1823749,William,David,Brooks,7819,Valenzuela Park,Petersonborough,MA,2657,Male,2001-07-18,Student
1619963,Alexander,James,Gonzales,8293,Amy Lodge,East Austinhaven,NY,10430,Male,1998-06-19,Student
1984614,Robert,Zachary,Beltran,4820,Mcintyre Loop,Antonioberg,NY,11078,Male,1999-05-14,Student
1305882,Ryan,Vincent,Fuller,9006,Jane Ridges,West Michaelmouth,NY,11841,Male,2007-05-09,Student
1434905,Matthew,Michael,Frost,5810,Angela Plains,Markfurt,CT,6315,Male,1998-06-16,Student
9676943,Kyle,Aaron,Brown,9623,Jones Rapids,Port Anthony,NY,11944,Male,1953-10-17,Faculty
9017390,James,Andrew,Beck,3529,Duke Lane,Port Richardland,NY,11692,Male,1968-10-28,Faculty
1110719,Jennifer,Karla,Khan,5150,Turner Stravenue,South Barbara,NJ,7750,Female,1995-10-12,Student
1133690,Kristi,Stephanie,Lewis,2789,Lauren Bridge,North Marcusshire,NY,12743,Female,2001-09-29,Student
1464590,Megan,Shannon,Doyle,4544,Neal Station,Shawntown,PA,17639,Female,1998-03-02,Student
1144873,Natalie,Marcia,Erickson,8486,Ryan Union,East Nathan,CA,92203,Female,2003-11-05,Student
1025545,Rachel,Tammy,Johnson,5574,Roth Loop,Lake Angelaville,NY,11181,Female,2006-11-10,Student
1014243,Anthony,Christian,Maxwell,8892,Smith Ridge,Bryanton,NY,10121,Male,2005-08-06,Student
1325463,Brandi,Carol,Bradley,4361,Clark Dale,Martinville,MA,1433,Female,2000-01-04,Student
1427790,Cynthia,Madison,Ramirez,2870,Diane Bypass,Brendaland,NY,14105,Female,2001-11-16,Student
1198948,Kenneth,David,Bishop,4066,Wendy Causeway,Williamton,MA,1384,Male,2002-03-24,Student
1396276,Darren,Brian,Wilson,3952,Rivera Unions,Santiagostad,NY,13438,Male,2001-02-24,Student
1581945,Michelle,Sandra,Vincent,9345,Matthew Mountains,West Kylemouth,NY,12798,Female,2002-10-17,Student
9128085,Brandon,Grant,Rodriguez,5489,Moore Mountain,Jermainemouth,NY,13498,Male,1989-04-04,Faculty
1662591,Nathan,Carlos,Boyd,4835,Morgan Road,Lake Debraport,PA,16083,Male,2001-08-01,Student
1641290,Michael,Jacob,Kim,4834,Espinoza Tunnel,Pearsonville,NY,14871,Male,1995-01-08,Student
9565229,William,Joseph,White,3188,Jamie Spurs,Tammyborough,NY,14194,Male,1975-07-03,Faculty
1366737,Michael,Curtis,Callahan,8244,Susan Pike,North Alison,NY,13544,Male,1994-12-22,Student
9043893,Dalton,Andrew,Morales,9468,Klein Circle,Millermouth,NY,14186,Male,1984-05-28,Faculty
1953625,Gerald,Jeremy,Guerrero,6583,Maldonado Highway,Port Stevenfort,MD,21927,Male,2003-06-17,Student
1605710,Amanda,Erika,Brown,9920,Chaney Crest,Luismouth,NY,14599,Female,2005-04-22,Student
1508807,Jennifer,Jane,Smith,4142,Michael Ville,Jonathanland,NY,13795,Female,1996-06-26,Student
1229325,Margaret,Cynthia,Moyer,1486,Thomas Track,Evansview,NY,14624,Female,2005-06-12,Student
1870744,Brenda,Samantha,Ford,3001,Bradley Forge,Espinozaview,NY,13212,Female,2003-04-18,Student
1514579,David,Michael,Simmons,4217,Matthew Loop,Ryanview,NY,13742,Male,1998-09-19,Student
1843461,Matthew,Isaac,Brown,5574,Gonzalez Walks,Perkinsville,NJ,7087,Male,2006-10-07,Student
1230271,Tracy,Brandi,Rodriguez,5363,Taylor Run,Batesburgh,CT,6333,Female,2006-06-20,Student
1391491,Jamie,Lauren,Perry,5408,Peterson Forges,New Joseph,OH,45986,Female,1997-01-30,Student
1063103,Danielle,Jamie,Morris,2356,Hernandez Avenue,South Stephen,NJ,7609,Female,2006-05-09,Student
1994039,Richard,Daniel,Robles,8805,Ronald Causeway,Jessicaport,NY,13716,Male,1995-08-23,Student
1674615,Kelly,Krystal,Le,8993,Kim Squares,West Ronaldchester,MA,2101,Female,1997-08-16,Student
1786378,Larry,Eugene,Evans,6412,Stephens Forges,Lake Gary,NY,13069,Male,2003-08-05,Student
1556294,Tiffany,Jennifer,Dixon,7084,Smith Mount,West Meganfort,MD,21777,Female,1995-03-12,Student
1934314,Matthew,George,Smith,3089,Steven Turnpike,Johnsonberg,NY,10721,Male,2001-08-29,Student
1321648,James,James,Allen,5244,Brandon Meadows,Schmidtbury,NY,11442,Male,2002-05-28,Student
1395263,Kelly,Lisa,Andrade,6130,Katherine Land,Robertmouth,NJ,8966,Female,2006-08-19,Student
1602490,Kenneth,Dylan,Young,3574,Jason Branch,New Andrew,NY,11320,Male,1996-05-14,Student
1021533,James,Christopher,Reid,3804,Adam Ports,Lake Amandafort,NJ,7895,Male,1995-02-16,Student
9775698,Hannah,Beverly,Mack,8811,Alexandra Groves,East Joshuahaven,NY,11998,Female,1963-05-25,Faculty
1114433,Seth,Justin,Cortez,3258,White Mountains,Jacksonville,NY,12440,Male,1999-11-06,Student
1836386,Anthony,Taylor,Stafford,3056,Ramirez Walk,Martinezhaven,NY,11616,Male,2004-02-10,Student
1637496,Lauren,Megan,Lynch,1817,Katherine Motorway,Harrisville,CT,6200,Female,1996-02-13,Student
1745427,Timothy,Jacob,Rasmussen,2352,Anna Shores,Christineside,NY,13531,Male,1997-06-02,Student
1260219,Paige,Angela,Watson,3046,Andres Cliff,Port Tonyaton,PA,15626,Female,1996-04-18,Student
1511524,Danny,Justin,Garcia,1334,Melendez Cove,East Thomaschester,NY,12677,Male,2004-07-16,Student
1330070,Heather,Nina,Cobb,6076,Frank Gardens,Riggsmouth,FL,34609,Female,1997-04-06,Student
1789896,Bradley,Bernard,Pena,4304,Austin Shoals,Angelville,CA,93424,Male,2001-09-22,Student
1731526,Keith,Jesse,Lewis,8708,Michael Falls,Robertmouth,NJ,7536,Male,1996-02-29,Student
1766565,Austin,Michael,Bryant,2033,Delgado Lights,North Pamela,NY,13961,Male,1996-06-29,Student
1722251,Ashley,Allison,Galloway,9370,Brown Light,East Margaret,CT,6279,Female,2002-07-09,Student
1418967,Brandy,Christina,Cruz,9725,Johnny Spur,West Joannashire,MA,2414,Female,2006-05-12,Student
1389302,Jill,Carolyn,Murphy,3826,Martinez Spring,Port Paulberg,MA,2403,Female,2007-03-29,Student
1531313,Steven,Christopher,Thomas,4055,Gibbs Extensions,South Amyhaven,OH,44699,Male,2002-12-25,Student
1000073,Amber,Courtney,Morrison,5830,Hannah Views,North Cynthia,NY,12572,Female,2001-12-10,Student
1158214,Rodney,Timothy,Turner,6641,Stuart Villages,West Carolville,NY,13037,Male,1999-03-05,Student
1310375,Ashley,Amanda,Schmidt,1380,Traci Run,East Debra,NY,13425,Female,1995-08-11,Student
1022864,John,Benjamin,Lee,2179,Bray Land,Robertside,NY,12157,Male,1996-11-29,Student
1100628,Amanda,Autumn,Brown,5944,Regina Spur,New Trevor,NY,12756,Female,1995-03-21,Student
1718302,Jorge,Norman,Alvarez,9293,Christopher Courts,Kelseyport,CT,6119,Male,1999-05-09,Student
1305340,Douglas,Gabriel,Maddox,5367,Cook Gateway,South Ryanville,CT,6043,Male,2007-03-03,Student
1635004,Michael,Joe,Brown,2368,Chad Trafficway,Melaniemouth,MA,2555,Male,1998-05-14,Student
1220782,Thomas,Maxwell,Graves,3484,Jonathan Lodge,New Shirleymouth,NY,12827,Male,1995-07-26,Student
1976525,Michael,Nathan,Cole,4328,Lee Isle,Williamfurt,CT,6120,Male,1998-08-31,Student
1682918,Jennifer,Brittany,Mack,6313,Kimberly Bridge,Seanmouth,NJ,8309,Female,1996-09-06,Student
1744688,Kyle,Russell,Garza,7353,Melissa Union,Monicachester,NY,12722,Male,1997-01-01,Student
1116195,Stephen,Russell,Miller,6310,Gonzalez Plaza,Port Lorrainefurt,PA,15453,Male,1996-09-14,Student
1539296,Todd,Robert,Crosby,2301,Jamie Mills,West Reneeville,NY,10839,Male,2006-08-12,Student
1771714,Austin,Brandon,Martinez,3781,Samantha Summit,Wesleychester,NY,10696,Male,2005-12-16,Student
1139320,Raven,Anita,Castro,4633,Pamela Mall,Port Julieport,NJ,7656,Female,2000-06-05,Student
1063388,Vicki,Emily,Mccoy,5913,Parker Corners,Jeremiahside,TX,77300,Female,1995-08-18,Student
1637248,John,Aaron,Nixon,5002,Tara Way,North Peterfurt,NY,14337,Male,2001-03-05,Student
1577362,Amy,Brittany,Mathews,7162,Hamilton Point,Port David,NJ,8852,Female,2002-02-26,Student
1659743,Mary,Dana,Richardson,6113,Robinson Fields,Zamorafurt,NY,10718,Female,2003-10-19,Student
1027986,Julia,Erin,Oliver,4860,Regina Falls,Cruzberg,NY,10209,Female,2000-08-23,Student
1317090,Chelsea,Gina,Thompson,2601,Jamie Fort,New Amber,NY,10397,Female,2002-01-06,Student
1695327,Philip,Benjamin,Crawford,6008,Martin Springs,New Sarahhaven,NY,10100,Male,2000-12-12,Student
1363703,Jon,Michael,Olson,9998,Williams Causeway,Scottchester,TX,77276,Male,1998-11-25,Student
1833967,Alexander,James,Medina,3808,Robinson Hollow,Nathanchester,FL,33546,Male,2007-01-25,Student
1076357,Helen,Shannon,Scott,1479,Brian Vista,Bradmouth,NJ,7691,Female,2000-08-24,Student
1706001,Karen,Jennifer,Johnston,9393,Tonya Junction,Hillville,VA,22277,Female,2003-12-16,Student
1042043,Lisa,Jessica,Lucero,3465,Harris Mission,East Martinfort,NY,11054,Female,1996-09-08,Student
1525829,Kari,Sandra,Collins,2784,Jill Club,Lake Jamesmouth,NJ,8258,Female,2001-01-31,Student
1093452,Kelsey,Cynthia,Christian,5074,Amanda Club,Elizabethton,NJ,7408,Female,1995-09-06,Student
1227646,Melanie,Pamela,Obrien,9980,Jesse Ferry,Phillipberg,MA,2446,Female,1995-09-11,Student
9804909,Stacy,Marie,Smith,9138,Jeffrey Expressway,Turnermouth,NY,13171,Female,1955-08-20,Faculty
1619262,Teresa,Amanda,Crawford,5983,Carol Shore,Hillville,NJ,7390,Female,2005-12-13,Student
1701417,Rachel,Stacy,Merritt,3923,Timothy Inlet,Cochranmouth,TX,76934,Female,2007-09-15,Student
1272308,Jeremy,John,Mcdaniel,4449,Samantha Plaza,South Alyssa,CT,6301,Male,1997-03-17,Student
1588597,Heidi,Taylor,Robinson,2412,Kathleen View,Cruzside,MA,2703,Female,2004-12-15,Student
1198212,Michael,Mark,Rogers,6565,Gary Mills,Port Paulashire,FL,32554,Male,2004-02-20,Student
1108606,Christine,Rachel,Ray,6756,Eric Lakes,Staffordstad,CA,93640,Female,2004-12-06,Student
1083248,Christina,Ashley,Sexton,4697,Carter Stravenue,Amandaberg,NY,10505,Female,2004-03-17,Student
1794604,Carla,Valerie,Benson,6447,Jonathan Cliffs,Masonstad,NY,13113,Female,2006-09-07,Student
1969714,Christina,Michelle,Larsen,8738,Charles Stravenue,East Oliviaville,CT,6294,Female,2003-10-11,Student
1939622,Samantha,Sarah,Freeman,9257,Bill Fork,Monroebury,FL,33973,Female,2006-02-17,Student
1553280,Melanie,Lisa,Gutierrez,9867,Henry Spur,South Stephanie,NY,14542,Female,2001-06-29,Student
1620407,Jesse,Jeff,Rodriguez,5943,Sheila Loop,Jeremybury,NY,12510,Male,2006-03-01,Student
1059663,Nancy,Nancy,Owens,6638,Griffin Branch,Sarachester,NY,10229,Female,1999-07-19,Student
1527814,Christopher,Jon,Oneill,3559,Hill Shoals,Goodtown,NY,10233,Male,2003-10-25,Student
1303107,Rebecca,Debra,Davis,3483,Frazier Throughway,Michaelfort,NJ,7041,Female,1995-03-16,Student
1988757,Stephen,Jerry,Carter,9915,Johnson Union,Perezland,OH,43325,Male,1998-11-23,Student
1011479,George,Robert,White,9570,James Points,Masonbury,MD,20823,Male,1995-10-15,Student
1367404,Christopher,Troy,Jackson,4782,Susan Green,East Matthew,NJ,7049,Male,1995-10-10,Student
1794790,Shawn,Kenneth,Villanueva,2714,Jocelyn Isle,East Ericport,NY,12461,Male,1997-04-19,Student
1512376,Robert,Timothy,Morris,1723,Smith Inlet,Lake Tracy,NY,11963,Male,2002-03-27,Student
1398310,Carlos,Anthony,Hanson,7898,Rush Greens,South Chrisfurt,NY,10260,Male,2005-11-20,Student
1113603,Kim,Lisa,Banks,9540,Galloway Meadows,Perryfurt,NY,10543,Female,2000-02-28,Student
1474087,Alexis,Tiffany,Miller,8843,Wheeler Lock,Smithton,NY,10329,Female,2006-11-17,Student
1774606,Brandon,James,Fernandez,4338,Watson Parkway,Jenkinsmouth,NY,11064,Male,2005-01-18,Student
1455035,Michael,Ryan,Terry,3729,Thompson Inlet,West Michellestad,NJ,7228,Male,2001-12-10,Student
1453412,Steven,John,Simpson,3205,Alexandra Loaf,Rileyshire,CA,95323,Male,2001-04-28,Student
1932081,Mary,Alexandria,Davis,2330,Jaime Orchard,Hollyfurt,NY,11709,Female,2007-06-09,Student
1947436,Ashley,Crystal,Faulkner,4806,Tammy Fall,New Stephanieview,NY,14535,Female,1995-01-20,Student
1405432,William,Robert,Rich,7944,Brian Terrace,Jonathanton,NJ,8475,Male,2002-10-01,Student
1377700,Lisa,Stacy,Taylor,6690,Long Points,Wilsonville,NY,14240,Female,2000-08-19,Student
9306003,Edward,Jeffrey,Chavez,5306,Underwood Courts,Edwardfurt,NY,13522,Male,1954-06-12,Faculty
1657487,Jennifer,Sarah,Mejia,4314,Hart Lodge,Jackieland,NJ,8231,Female,2000-04-18,Student
1517167,Kelly,Rachel,Fisher,9410,Benson Pass,Rothbury,NY,12782,Female,1998-12-15,Student
9172039,Elizabeth,Sarah,Owen,6281,Herrera Cape,Zimmermanfort,NY,10947,Female,1959-05-22,Faculty
1173524,Riley,Rick,Kane,9685,Fisher Village,Port Mark,NY,10932,Male,2002-08-11,Student
1757789,Gene,Todd,Berry,8740,Kristi Islands,South Cindyfort,NY,12414,Male,1998-06-25,Student
1472345,Dustin,Willie,Jensen,6375,Debra Oval,New Jacobtown,MA,2354,Male,1999-04-05,Student
1058733,William,Zachary,Gutierrez,7025,Taylor View,Donnamouth,NY,14603,Male,1996-01-15,Student
1404772,Jason,Jacob,Melendez,7974,Barnes Harbor,Joneshaven,OH,43848,Male,2001-07-23,Student
9386486,Deborah,Chelsea,Cummings,2818,Guzman Flat,Port Brittany,NY,11939,Female,1970-01-25,Faculty
1338854,Frances,Kara,Wallace,2934,Quinn Port,Rasmussenmouth,NY,13346,Female,2000-07-10,Student
1248534,Jeffrey,David,Cox,7706,Ramsey Mall,New Carol,PA,17892,Male,2001-08-08,Student
1952515,John,Brandon,Bradford,8292,Bruce Divide,West Rebeccahaven,CA,92566,Male,2003-05-11,Student
1291453,Dylan,Eric,Dixon,7003,Powell Meadows,Carpentertown,OH,45831,Male,2004-05-26,Student
1355648,Samantha,Amber,Middleton,1418,Charles Square,South John,NY,11082,Female,1998-10-01,Student
1954077,Justin,Bradley,Nguyen,1763,Brenda Prairie,Smithview,NY,14566,Male,2002-02-03,Student
1130023,Bryan,Carlos,Rogers,4484,Jones Junction,New Heatherburgh,NY,11700,Male,2007-04-09,Student
1677430,Sandy,Theresa,Gonzales,4305,Heather Ville,Laurafurt,VA,22011,Female,1996-12-25,Student
1481300,Kristy,Linda,Simpson,8483,Melanie Burgs,New Cindyburgh,NY,12934,Female,2003-05-27,Student
1160798,Peter,Evan,Mitchell,7328,Natalie Ports,Port Kevinchester,NY,14051,Male,1999-09-04,Student
1957735,Kelly,Allison,Browning,7773,Herring Ford,Lake Steven,NY,11952,Female,1995-12-17,Student
1920763,Dustin,Richard,Villarreal,5088,White Station,Mistyhaven,NJ,7578,Male,1998-03-15,Student
1098062,Tracy,Michelle,Velasquez,1625,James Fork,West Michael,NY,10475,Female,2000-04-16,Student
9636940,Deanna,Jasmine,Mcdonald,6008,Horton Courts,Lake Barbaramouth,NY,13391,Female,1972-10-23,Faculty
1164616,Sarah,Brandi,Martinez,7146,Huff Port,Port Kathryn,NJ,7359,Female,2006-05-11,Student
9787360,Richard,Tony,Nguyen,4233,David Inlet,Timothyland,NY,11552,Male,1991-06-18,Faculty
9439983,Cheryl,Amanda,Smith,8256,John Village,Port Ronald,NY,13636,Female,1965-12-28,Faculty
1513317,David,Jerry,Reed,7968,Key Hills,Teresaton,NY,13709,Male,2003-05-05,Student
1766472,Jacob,Craig,Christensen,8309,Katie Ridges,Justinland,OH,45296,Male,2002-02-12,Student
9028813,Adam,Keith,Grant,2656,Sims Route,Hallchester,NY,10974,Male,1961-01-15,Faculty
1598880,Dana,Melissa,Rodriguez,4876,Elliott Greens,South Louis,NY,14641,Female,2002-06-10,Student
1623746,Felicia,Susan,Cummings,8655,Pope Rue,Vincentchester,NY,10575,Female,2007-08-25,Student
9701066,Erin,Kimberly,Aguirre,9343,Gillespie Rest,North Brandon,NY,10868,Female,1962-05-11,Faculty
9389899,Justin,Christopher,Sanders,3740,Alexander Shore,New Susanborough,NY,13936,Male,1993-03-28,Faculty
1088280,Corey,Joel,Lewis,2652,Elizabeth Skyway,Brandytown,MA,1452,Male,2001-12-02,Student
1266828,Pamela,Taylor,Meyer,9562,Daniel Landing,Vanceberg,NY,13697,Female,1996-11-08,Student
1944895,Bradley,Clinton,Oliver,6871,Robert Harbor,North Brandonside,NJ,7358,Male,2000-06-17,Student
1880700,Bethany,Michelle,Hale,8641,Heath Cove,Joshuaport,NY,13672,Female,1998-02-07,Student
1452898,Paul,Benjamin,Cummings,3523,Gary Springs,New Jonathon,MA,1729,Male,1999-07-08,Student
1592950,Jill,Maria,Harris,6484,Phelps Garden,North Debbiebury,NJ,7578,Female,2004-06-20,Student
1301348,Lauren,Tina,Bradley,7241,Sydney Mills,Pageview,NY,11063,Female,2001-10-10,Student
1318338,Brittany,Brianna,Kelly,5033,Vanessa Terrace,Evanstown,NJ,7566,Female,2002-07-29,Student
1428330,Andrew,Brian,Murphy,4375,Denise Summit,Amyberg,CT,6281,Male,2007-02-05,Student
1332065,Alec,Peter,Pollard,9395,Ricky Hollow,Timothyview,VA,22667,Male,2003-07-23,Student
1176486,Thomas,Robert,Ramsey,9900,Morrison Isle,North Holly,NY,10805,Male,2006-09-06,Student
1015339,Jacob,Curtis,Thomas,6264,Douglas Village,South Cynthia,OH,43452,Male,2003-04-09,Student
1018549,Megan,Patricia,Hopkins,4172,Phillips Extension,Bushfurt,NJ,8433,Female,2005-04-29,Student
1603128,Scott,Michael,Anderson,7560,Samantha Loop,Murphyton,CA,92936,Male,2000-04-11,Student
1885253,Adrian,Mark,Elliott,7847,Richards Spring,Leemouth,NY,12215,Male,1997-05-03,Student
1014042,Anthony,Jacob,Hanna,9276,Reyes Trail,South Karen,NY,14201,Male,2007-07-30,Student
1146077,Megan,Jodi,Wells,5081,Matthew Coves,South Robert,CT,6348,Female,2005-10-23,Student
1665183,Brittany,Jessica,Sullivan,2488,Arthur View,North Paulchester,NY,14427,Female,2001-11-24,Student
1963698,David,Eric,Miller,7447,Virginia Springs,East Edwardfurt,NY,14403,Male,2003-04-20,Student
1644572,Laurie,Annette,Moreno,5934,Mcdaniel Avenue,Ericstad,NY,10883,Female,2004-04-20,Student
1600339,Wesley,Timothy,Brown,6513,Rodriguez Islands,East Patty,MA,1614,Male,2000-05-09,Student
1201624,Nicole,Stephanie,Ward,6736,Cynthia Coves,West Lisa,MA,1016,Female,2002-03-17,Student
1104973,Tina,Bailey,Coleman,1849,Tucker Knoll,East Donald,CA,90204,Female,2003-04-29,Student
1612004,Barbara,Cassandra,Ruiz,4887,Matthew Spurs,Cainshire,NY,12382,Female,2005-02-12,Student
1335520,Julia,Angela,Wilson,4503,Joel Fields,Nathanstad,MD,21421,Female,2005-09-28,Student
1398557,Anne,Vanessa,Flowers,2106,Yolanda Field,West Gregoryland,FL,33249,Female,2006-12-24,Student
1434032,Samuel,William,Garner,4920,Carter Ridge,East Edwardberg,NJ,7593,Male,2005-04-13,Student
1868322,Marissa,Jennifer,Burns,3954,Riley Shores,Port Barryside,TX,75914,Female,2001-04-02,Student
1741232,Lisa,Holly,Mendez,5128,Murphy Junction,North Kaylaborough,NJ,8343,Female,2001-12-17,Student
1294478,Justin,Michael,Ray,3900,Rebecca Gardens,New Kimberlybury,IL,61495,Male,2002-12-01,Student
1453969,Emily,Toni,Thompson,3689,Craig Courts,Port Marietown,NY,13760,Female,2006-06-22,Student
1064654,Oscar,Nathan,Herrera,6220,Jennifer Valleys,West Paigeberg,CT,6207,Male,1997-11-24,Student
1175053,Susan,Dawn,Wallace,7032,Miller Shoal,West Jilltown,IL,61228,Female,2002-03-25,Student
1209939,John,Jason,Carey,4588,Thomas Port,Lake James,PA,16662,Male,1995-01-07,Student
1243065,Terri,Loretta,Tucker,3901,Amber Lock,Stewartside,NJ,7050,Female,1998-02-12,Student
1378573,Crystal,Teresa,Ellis,6740,Woods Ranch,Carlsonmouth,NY,10683,Female,1996-07-20,Student
1199751,Chad,Chad,Cochran,2517,Weiss Mountain,East Derekhaven,NY,13747,Male,2007-06-20,Student
1497385,Ian,Nathan,Campbell,7115,Adams Well,Norrisborough,NY,13061,Male,2002-07-06,Student
1946165,Nicole,Danielle,Martin,3212,Ashley Inlet,Jonathanshire,MA,1265,Female,2003-10-17,Student
1437515,Cassandra,Suzanne,Herring,8466,Martinez Neck,Allenhaven,CA,90089,Female,2007-09-16,Student
1958113,Elizabeth,Lauren,Smith,4996,Thompson Oval,Davidview,CT,6318,Female,2000-07-29,Student
1571739,Daniel,Chad,Peterson,4806,Morrison Lodge,Silvaside,IL,60129,Male,1998-06-17,Student
1602982,Jennifer,Jacqueline,Flowers,2887,Dudley Streets,Patrickfort,NJ,8770,Female,1998-01-09,Student
1236864,David,Matthew,Wells,8785,Ferguson Common,Jacquelineberg,PA,15479,Male,1998-10-09,Student
1072247,David,Derek,Garner,2615,Calderon Forest,Benderside,NY,12042,Male,1998-12-17,Student
1457910,Tiffany,Monica,Kelley,2332,Dennis Circle,Lake Wayneburgh,NY,11480,Female,2004-08-21,Student
1251142,Kelly,Tracy,Barton,9505,Campbell Islands,Christineborough,NY,11897,Female,2001-09-23,Student
1076289,Pamela,Heather,Figueroa,7027,Mitchell Locks,Taylorfort,MD,20892,Female,1999-07-27,Student
1335170,Kimberly,Rebecca,Estrada,7070,Joann Harbor,North Karen,NJ,8067,Female,2002-03-19,Student
1727108,Jose,Ronnie,Vargas,8376,Blake Junction,New Jamie,OH,45954,Male,2002-09-08,Student
1347250,Bonnie,Rebecca,Kaufman,2479,Steven Square,Buckleyhaven,NY,14825,Female,1999-08-07,Student
1235064,Sydney,Jaime,Trevino,5256,Edwards Forest,New Steveburgh,NJ,7160,Female,2005-05-17,Student
1801072,Jennifer,Haley,Keith,6389,Austin Fall,Martinfurt,VA,23894,Female,2007-05-25,Student
1751508,Vanessa,Janet,Chaney,8843,Amy Light,Caldwellstad,MD,20859,Female,2002-02-13,Student
1930479,Anna,Jessica,Johnson,4742,Hickman Trail,Riverahaven,NY,11858,Female,2006-03-28,Student
1106015,Stacey,Jessica,Johnson,4132,Wendy Summit,West Curtischester,NY,14373,Female,2006-04-03,Student
1613034,Kristin,Brenda,Chan,8641,Stephens Dale,North Max,NY,11665,Female,1996-04-30,Student
1517483,Jennifer,Jessica,Adams,4423,Sheila Parks,Schmidtmouth,CT,6203,Female,2005-04-02,Student
1975459,Jennifer,Angela,Ballard,6287,Tracy Forge,South Jeremy,NY,13101,Female,2002-12-05,Student
1384851,Andrea,Christina,Miller,7682,Butler Drive,New Nicoleport,NY,11129,Female,1997-06-16,Student
1910038,Catherine,Angela,Williams,9041,Campbell Green,Port Jasmineland,NY,14050,Female,2001-04-07,Student
1945401,Teresa,Christina,Nichols,9032,Newton Vista,Romeromouth,CT,6083,Female,2001-07-16,Student
1700353,Jason,Joseph,Logan,1578,Roth Expressway,Mccallmouth,FL,33377,Male,2006-04-19,Student
1438480,Marie,Jessica,Hunt,5706,Perkins Fort,Elizabethton,NY,11942,Female,2000-04-08,Student
1354208,Ryan,Jorge,Navarro,7775,Ellison Lock,Andersonborough,VA,22170,Male,1996-01-26,Student
1973151,Thomas,Robert,Mendez,8304,Donovan Fords,New Dustinborough,NY,10179,Male,2007-04-16,Student
1699675,Jared,Ricky,Ellison,8385,Porter Spurs,New Bradley,MA,1459,Male,2002-07-20,Student
1484697,Lawrence,James,Bowman,8614,Andrea Street,Morsemouth,NY,11980,Male,2001-01-09,Student
1201155,Alan,Rodney,Clay,1627,Graham Freeway,North Georgestad,NY,13840,Male,1998-12-01,Student
1222079,Olivia,Monica,Downs,9968,Peck Streets,Lake Carol,FL,34983,Female,1994-10-21,Student
1249961,Jon,Charles,Marshall,3142,Osborn Key,Lake Melissa,PA,18418,Male,2000-11-05,Student
1899311,David,Roger,Randall,2269,Wall Squares,Zacharystad,NY,12242,Male,2005-12-24,Student
1563769,John,William,Barnes,3555,Marco Point,South Tylerland,NJ,8736,Male,1998-05-05,Student
1839696,Kathryn,Laura,Johnson,2607,Lori Ports,Tashaland,MA,2039,Female,1995-09-24,Student
1082335,Stephanie,Mercedes,Wright,4887,Jones Locks,Lake Michael,CT,6037,Female,1998-01-05,Student
1952634,Joseph,Peter,Hahn,8559,Green Port,West Julieton,CT,6108,Male,2007-02-02,Student
1559749,Amanda,Kathryn,Ponce,8039,Sanchez Roads,Port Donnabury,PA,17346,Female,2006-08-26,Student
1122456,Brenda,Julie,Wood,9320,Cassandra Branch,Vancestad,NJ,7331,Female,2001-09-11,Student
1426066,Dawn,Angela,Watkins,5037,Ashley Loaf,Jonesbury,NY,13271,Female,2002-04-10,Student
1896139,Kimberly,Angela,Stone,3360,Cervantes Locks,West Paul,CT,6269,Female,1997-02-16,Student
1663321,John,Robert,Wright,1524,Jennifer Skyway,East Denise,NY,12526,Male,1999-10-09,Student
1709674,Tracy,Kimberly,Dyer,1289,Smith Ports,Adrianburgh,CT,6296,Female,2000-05-12,Student
1752146,Mark,Travis,Wagner,7161,Maria Summit,Robertport,MA,1571,Male,2002-09-12,Student
1871643,Andre,Daniel,Nelson,4670,Humphrey Port,North Donna,CT,6080,Male,2003-09-30,Student
1003136,Joshua,Charles,Roberts,7791,Hamilton Estates,West Jamesmouth,NY,13815,Male,2003-12-19,Student
1554185,Kelly,Kimberly,Taylor,5030,Kimberly Court,Williamsstad,OH,45036,Female,2006-02-15,Student
1989575,Robert,Scott,Pierce,2739,Richard Mountains,Brittanyton,VA,23940,Male,1995-11-21,Student
1626136,Brandy,Jill,Williams,3779,Lynn Freeway,New Williamborough,IL,61051,Female,2002-07-10,Student
1314362,Andrew,David,Schaefer,6915,John Squares,Garciaview,MD,20853,Male,2003-10-22,Student
1740121,Dave,Robert,Cameron,2222,Christopher Point,Lake Dustinland,MA,2302,Male,2006-05-30,Student
1982440,Whitney,Kimberly,Fowler,2579,Rebecca Forges,Stewartport,NY,11310,Female,1996-01-28,Student
1932054,Jacob,John,Perez,3312,Roberto Estates,South Christinafort,CT,6098,Male,2000-06-18,Student
1479902,Paige,Elizabeth,Liu,8771,Luna Flat,Brianburgh,MA,2774,Female,1997-05-01,Student
1906854,April,Andrea,Bailey,3510,Khan Village,New Marktown,NJ,8787,Female,1995-06-03,Student
1801838,Penny,Sarah,Stark,9094,Jennifer Mall,Shellyview,PA,18104,Female,2004-09-28,Student
1045187,Tracy,Stephanie,Dudley,9671,Lang Cove,New Cherylchester,NY,12562,Female,2002-02-17,Student
1173092,William,Luis,Turner,2780,David Meadows,Port Travismouth,NY,14128,Male,2000-12-27,Student
1356449,Brooke,Erin,Clarke,4130,Odonnell Dam,Gilbertton,NY,11420,Female,2005-10-03,Student
1671943,Jeffrey,James,Evans,3068,Ponce Hills,Walkerbury,NY,14257,Male,2004-01-16,Student
1510271,Melissa,Kayla,Bailey,8282,Rodriguez Keys,Thomasstad,TX,79976,Female,2005-01-20,Student
9365113,Heather,Kimberly,Hutchinson,8899,Ayala Plaza,East Matthewbury,NY,14468,Female,1952-12-28,Faculty
1407091,Arthur,Ross,Terry,3370,Sara Turnpike,Lake Peter,CT,6346,Male,2004-07-29,Student
1024068,David,Michael,Lowe,9215,Allen Bridge,Tiffanyborough,NJ,8708,Male,2007-06-23,Student
1328236,Zachary,Michael,Smith,1296,Lawrence Points,North Jaredton,NY,12257,Male,1999-11-24,Student
1541230,Ashley,Cheryl,Williams,2440,Larry Forest,Rochamouth,CT,6282,Female,2002-05-21,Student
1168707,Gary,Christopher,Hart,6615,Hopkins Divide,North Joe,NY,14150,Male,2005-09-06,Student
1660154,David,Matthew,Hurley,1160,Nielsen Terrace,Kimberlyland,NY,11099,Male,1994-10-30,Student
1541067,Paul,Jonathan,Mckinney,5498,Clark Shoals,West Willie,CT,6261,Male,2004-09-04,Student
1715109,Mitchell,Jason,Todd,9251,Bryan Radial,Armstrongville,PA,16124,Male,2006-07-14,Student
1635184,Sarah,Barbara,Ross,2400,Cain Village,Amberside,NY,13670,Female,2005-07-01,Student
1877226,Robert,Michael,Washington,3359,Greer Row,Melodyborough,NY,14695,Male,2006-01-04,Student
1684197,Tammy,Sarah,Hill,4278,Padilla Parkway,North Veronicaville,IL,61151,Female,2006-04-23,Student
1081225,Steven,John,Howard,9219,Melissa Lodge,Mitchellchester,NY,12321,Male,2005-05-23,Student
1981077,Ryan,Eric,Porter,1203,Shawn Brook,East Danielle,CT,6224,Male,2005-11-05,Student
1108539,Anthony,Charles,Warren,1902,Jeffrey Via,Dickersonchester,CT,6382,Male,1995-10-18,Student
1719940,Bryan,Chad,Williams,3312,Allen Lakes,Kochmouth,NY,13579,Male,2007-04-05,Student
1550486,Nicole,Becky,Johnson,1565,Hammond Cliffs,Lake Matthew,NY,10545,Female,2007-05-17,Student
9098087,Joan,Jamie,Avery,5389,Bryan Fort,Port Lucas,NY,13143,Female,1953-12-17,Faculty
1767018,Hannah,Robyn,Boyd,5814,Nathan Run,East Brianna,NJ,8564,Female,1998-10-07,Student
1453038,Paul,Christopher,Davis,6793,Graham Forest,Lake Stephenhaven,NY,12894,Male,2000-12-23,Student
1015419,Susan,Amanda,Campbell,2517,Glover Oval,East Vanessashire,NY,11825,Female,2005-11-26,Student
1107289,Jennifer,Jennifer,Miller,3943,King Junctions,North Wayne,NY,14643,Female,2003-10-24,Student
1745118,Melissa,Sara,Roberts,2114,Jordan Corner,East Michelle,IL,62446,Female,2004-08-25,Student
1953960,Emily,Erica,Silva,6130,Charles Route,Christopherstad,NY,13235,Female,2005-10-15,Student
1447840,Brian,Edwin,Williams,5200,Michelle Divide,Dylanport,OH,45532,Male,2002-01-12,Student
1914794,Tamara,Katherine,Garrison,1651,Bailey Garden,Kellyburgh,CT,6232,Female,1998-04-01,Student
1136929,Tiffany,Sarah,Hardy,3316,Sherry Field,South Adamside,NY,13533,Female,2005-02-22,Student
1766965,Madison,Deborah,Dalton,9455,Michael Villages,Francismouth,OH,43826,Female,2000-02-03,Student
1178330,Nancy,Julie,Bennett,5600,Rebecca Dale,East Timothy,TX,76817,Female,2006-12-22,Student
1523748,Joanna,Amanda,Larson,9744,Susan Ports,New Brandishire,PA,17010,Female,1995-02-03,Student
1602162,Stephen,Lee,Rivera,7957,Susan Pass,Thompsonstad,NY,14685,Male,2003-09-16,Student
9094414,Walter,Jeremy,Johnson,9252,Parker Lodge,East Seth,NY,11319,Male,1967-01-11,Faculty
1478164,Kyle,David,Grimes,2472,Kimberly Junctions,Lake Megan,NY,11028,Male,2004-01-02,Student
1569238,Jose,Brian,George,7648,Jeffrey Keys,Lake Johnmouth,NY,11129,Male,2006-09-15,Student
9150010,Blake,Billy,Davis,7813,Christopher Forges,Katelynhaven,NY,13676,Male,1988-07-30,Faculty
1429434,Ebony,Vicki,Brown,9813,Frost Island,Port Amandaland,NY,10446,Female,2002-09-22,Student
1931479,Jessica,Ashley,Alvarez,9499,Adrienne Forks,Youngstad,VA,22086,Female,1998-01-12,Student
9042247,Ariana,Sheri,Aguirre,9661,Malone Crossing,Port Peter,NY,12974,Female,1968-07-04,Faculty
1509822,Dustin,Randy,Bates,2972,Fleming Station,Williamston,NY,13205,Male,2003-03-15,Student
1185009,Jennifer,Yesenia,Caldwell,8092,Leonard Prairie,Port Alexander,CT,6370,Female,2003-01-12,Student
1925980,Kimberly,Sarah,Saunders,6271,Navarro Circle,Port Ryan,NY,10848,Female,1997-08-12,Student
1732604,Emily,Heather,Thornton,8117,Amy Row,New Arthur,MA,1471,Female,2005-09-13,Student
1543333,Adam,Joshua,Wilson,4912,Trevor Shores,Torresstad,NY,10523,Male,1997-09-27,Student
1706944,Heidi,Danielle,Reed,2325,Winters Shores,Amandafort,NY,13908,Female,1994-10-17,Student
1000334,Patricia,Kaitlin,Morgan,7615,Obrien Cove,Lake Michael,NY,12522,Female,2007-04-12,Student
1164109,Kimberly,Gina,Garrison,8496,Robert Trafficway,Denisebury,NY,11345,Female,2005-05-18,Student
1527352,Nicole,Donna,Livingston,9108,Burnett Mission,Bakerfurt,NY,13731,Female,1998-10-01,Student
1701210,Gary,Jason,Jones,5395,Aaron Drive,South Michaelchester,CA,92761,Male,2006-01-28,Student
1518679,Jeffrey,Peter,Mays,9441,Conley Turnpike,Davischester,PA,15755,Male,2006-07-12,Student
9213046,Jennifer,Mindy,Wells,7504,Tracy Motorway,West Tylerton,NY,14660,Female,1969-11-06,Faculty
1403818,Matthew,Christopher,Jones,5710,Jones Manors,South Francisco,MA,2134,Male,2006-09-06,Student
1325776,Jackson,Jack,Anderson,5579,Gonzalez Dale,Port Eugene,NJ,8281,Male,2004-08-28,Student
1095120,Raymond,Ricardo,Wall,7819,Jason Gateway,New Mark,CT,6036,Male,1996-09-12,Student
1862522,Matthew,David,Lloyd,8270,Derek Forges,Stephanieville,CT,6300,Male,1997-03-12,Student
1198055,Brian,Logan,Jordan,2222,Cynthia Stream,Robertsland,NY,12564,Male,1995-04-19,Student
9773617,Theresa,Alison,Perez,1291,Christine Inlet,Burketown,NY,13243,Female,1987-11-13,Faculty
1237170,Lisa,Christina,Horn,7497,Gregg Stream,Mullinsside,MA,2564,Female,1997-07-08,Student
1613688,Sharon,Monica,Frye,7228,Blackburn Prairie,Lake Amandaberg,NJ,8914,Female,2002-07-25,Student
1202050,Crystal,Jenna,Anderson,3628,Mark Crossroad,Port Robertbury,NY,12622,Female,1999-09-15,Student
1022313,Barbara,Michelle,Hodges,6585,Nicole Throughway,Wongview,NY,12577,Female,2005-11-30,Student
1424777,Helen,Andrea,Henson,7139,David Streets,Port Jamesborough,NJ,8877,Female,2002-10-30,Student
1382462,David,Cameron,Ruiz,9333,Dawn Island,East Yvonne,NY,13161,Male,1999-04-30,Student
9632867,William,Michael,Elliott,1394,Jeremy Gateway,North Erik,NY,11554,Male,1961-02-18,Faculty
1896243,Erik,Charles,Deleon,4712,Martinez Passage,Brownton,PA,17024,Male,1999-01-31,Student
1534948,Timothy,Sergio,Perez,3259,Aaron Stravenue,North Andreaville,NY,14199,Male,2007-06-12,Student
1908423,Rebecca,Laurie,Anderson,5010,Woods Burgs,Hansonfort,FL,33804,Female,2000-03-31,Student
1339607,Crystal,Stacy,Knapp,8807,Tiffany Valley,New Alanchester,MA,2555,Female,2004-09-13,Student
1054236,Carrie,Cynthia,Molina,9522,Cassandra Stravenue,Nguyenfurt,NY,10019,Female,2002-03-28,Student
1078796,Daniel,Christopher,Smith,3911,Christopher Extension,Johnland,NY,12707,Male,2002-10-03,Student
1389170,Samuel,Patrick,Galvan,1944,Jeffrey Rapids,Howardstad,NY,10992,Male,2004-12-01,Student
9357630,James,Anthony,Underwood,5898,Miller Gateway,Lake Danielle,NY,13910,Male,1979-07-15,Faculty
1270774,James,Zachary,Morse,6569,Brian Station,Nelsonberg,NY,10833,Male,2001-03-09,Student
1850584,Craig,Joshua,Ray,8917,Ryan Causeway,Erinshire,FL,34963,Male,1996-06-08,Student
1531071,Brandon,Andrew,Bryant,6075,Mills Common,New Christopher,CT,6379,Male,2005-02-12,Student
1076327,Jonathan,Stephen,Parker,3097,Robinson Club,Port Michellehaven,MD,21568,Male,2006-04-26,Student
1493748,Taylor,Katherine,Jones,6260,Reid Neck,North Gabrielshire,NJ,7021,Female,1997-04-09,Student
1090563,Pamela,Brianna,Sanchez,6347,Smith Trail,Cruzstad,NY,13466,Female,1995-08-07,Student
1244349,Carlos,David,Higgins,6327,Eric Plains,Christophermouth,VA,24354,Male,2000-06-07,Student
1465816,Linda,Sandra,Gordon,9886,Burke Squares,South Lorichester,MA,1636,Female,2005-12-17,Student
9871775,Sydney,Kimberly,Waters,8619,Danielle Shoal,West Joseph,NY,13501,Female,1996-03-30,Faculty
1295251,Jesus,James,Oconnor,1875,Maria Manors,Michaelland,MA,1541,Male,2005-08-21,Student
1121538,Jeremy,Robert,Brewer,4743,Young Lights,Port Sueborough,MA,1755,Male,2000-09-21,Student
1235608,Stephen,Isaiah,Snyder,1285,Walker Expressway,West Annastad,NY,10670,Male,2003-05-15,Student
1384901,Derrick,Jeffrey,Ewing,3335,Glover Creek,Williamview,OH,44091,Male,2000-10-05,Student
1184642,Jesse,Kevin,Simmons,7714,Aaron Keys,Deleontown,FL,33649,Male,2005-07-21,Student
1080532,Kayla,Jasmine,Duarte,4789,Williams Walks,Lake Christina,FL,32717,Female,1999-06-19,Student
1902891,Meagan,Deanna,Irwin,5978,Acevedo Flats,Wandamouth,MA,1591,Female,1994-12-17,Student
1784663,Dawn,Courtney,Palmer,8095,Dana Avenue,Murphyview,CA,94645,Female,2004-01-17,Student
1046775,Cindy,Amanda,Jimenez,7101,Burns Plaza,East Patrickside,NY,12248,Female,2003-07-23,Student
1279522,Michael,Brandon,Harmon,5266,Philip Springs,East Brittanyville,CT,6040,Male,2005-11-05,Student
1473059,Larry,Joshua,Shaw,3329,Marquez Extensions,New Emilyborough,CA,94971,Male,1996-07-07,Student
1917274,Courtney,Linda,Harper,4344,Jared Corner,East Tinastad,NY,10273,Female,2004-03-21,Student
1190158,William,Michael,Richardson,1787,Richard Springs,Port Melanie,VA,23364,Male,1995-09-20,Student
1042783,David,Peter,Hull,6409,Ryan Prairie,Wareshire,MA,1705,Male,1995-12-11,Student
9523235,Terri,Sarah,Conrad,9191,Owens Avenue,West Brandonville,NY,14838,Female,1968-07-16,Faculty
1660489,Spencer,Bradley,Scott,1809,Heather Lakes,Port Nicoleview,MD,21103,Male,2000-04-05,Student
9322475,Taylor,Rachel,Taylor,7319,Martinez Highway,West Chad,NY,13073,Female,1952-03-26,Faculty
1727639,Sharon,Traci,Stevens,1363,Robin Spurs,Johnsontown,TX,77434,Female,2003-03-09,Student
1155973,Anthony,William,Holland,6913,Mark Gardens,Lake Adrienneberg,MA,2573,Male,2003-05-23,Student
9839012,Daniel,Jay,Byrd,9540,James Land,Michellebury,NY,12059,Male,1986-04-17,Faculty
1445284,Bradley,Andrew,Jones,8789,Jones Island,Parkermouth,NY,11770,Male,1995-07-25,Student
1062338,Anthony,Mitchell,King,5730,Martin Court,New Jenniferstad,CA,92844,Male,2004-05-20,Student
1849859,Lisa,Donna,Young,9223,Vanessa Prairie,South Shirley,NY,13486,Female,1997-10-13,Student
1449005,Steven,Brian,Jones,2555,Joseph Track,Adamfort,NY,11249,Male,1997-12-16,Student
1456582,Kelly,Lori,Lopez,3399,Craig Estates,Emilyville,VA,22770,Female,2000-04-27,Student
1863747,Katherine,Nancy,Figueroa,4622,Christina Villages,Hayesland,CT,6080,Female,2003-05-20,Student
1635681,Amanda,Victoria,Martinez,7899,Anna View,East Aarontown,NY,13063,Female,1996-07-23,Student
1315831,Dwayne,Samuel,Jackson,1792,Peters Rest,Pittsshire,NY,14878,Male,2004-03-09,Student
1378163,Deborah,Heather,Johnson,3379,Smith Throughway,New Michelle,NY,10096,Female,1995-09-10,Student
1755487,Ronald,Robert,Hernandez,4377,Watson Cliffs,Port Rhondastad,CT,6293,Male,2002-10-24,Student
1769193,Hayley,Laura,Wright,1191,Durham Cliff,Port Josephberg,TX,78221,Female,2005-03-18,Student
1493865,Rebecca,Sharon,Boone,8075,Kathleen Greens,Mitchellburgh,NY,13171,Female,2006-01-18,Student
9601542,Sarah,Kimberly,Deleon,6471,Thompson Roads,South Michelletown,NY,13732,Female,1980-12-07,Faculty
1066486,Kimberly,Christy,Carter,7897,Davis Burg,Heathermouth,NY,11484,Female,2007-06-28,Student
1496771,Janice,Amanda,Galvan,6670,Ashley Bypass,Alexisfurt,NJ,7947,Female,2006-10-08,Student
1077727,Angela,Jennifer,Coffey,3880,David Wells,New Miguel,NY,11684,Female,1997-02-06,Student
1012672,John,Gary,Cook,1970,Harrington Valley,North Veronicaborough,MA,1344,Male,2001-10-09,Student
9950101,Zachary,Nicholas,Holmes,2770,Jenna Rest,Raytown,NY,14102,Male,1993-01-13,Faculty
1767723,Jennifer,Joan,Gutierrez,2734,Elizabeth Trail,Georgeshire,NY,10256,Female,2000-12-23,Student
1720742,Brian,David,Ball,7099,Gonzalez Villages,Fordtown,FL,32176,Male,1996-06-05,Student
1826267,James,Donald,Vasquez,4793,Phillips Spurs,Anthonyshire,NY,13578,Male,2006-04-07,Student
1698383,Robert,Gregory,Johnson,7400,Wright Street,Bentleybury,MA,2464,Male,2001-05-27,Student
1898541,Monica,Tina,Taylor,7431,Christine Tunnel,North Kerri,IL,61870,Female,1997-12-23,Student
1843723,Henry,Jeremy,Morrison,8793,Jason Oval,Brownhaven,NY,13966,Male,1998-10-14,Student
1365470,Nicholas,Dylan,Branch,7806,Michelle Points,Victorfort,MA,2566,Male,1999-11-05,Student
1662518,Craig,Steven,Williams,6522,Howard Mountain,Lake Jessica,MA,2688,Male,2004-12-29,Student
1014296,Rebecca,Angelica,Miller,9350,Donovan Orchard,Theresaside,NY,11952,Female,1996-06-26,Student
1394859,Harry,Timothy,Wright,1560,Stewart Ranch,New Thomasmouth,NY,14452,Male,2001-01-21,Student
1349717,Jerry,Jonathan,Maldonado,4006,Adrian Center,New Amandamouth,NJ,7008,Male,2007-01-22,Student
1250464,James,Kenneth,Kim,9219,Gill Club,East Rebeccafort,OH,45465,Male,2004-08-30,Student
1520604,Matthew,Ronald,Horn,2158,Jones Course,Adamland,MA,2521,Male,2005-11-08,Student
1053254,Hailey,Pamela,Pittman,1458,Greer Trail,North Samanthashire,OH,43219,Female,1996-05-02,Student
1162745,Colleen,Kimberly,Cooper,4911,Townsend Road,Port Stephanie,NJ,8225,Female,1998-07-23,Student
1404368,Kathryn,Miranda,Page,2514,Osborne Knoll,Sarahside,NY,12716,Female,2006-06-14,Student
1336886,Alicia,Savannah,Barnes,9573,Steven Points,Elaineton,NY,12151,Female,2002-05-23,Student
1604405,James,James,Green,8829,Tom Lakes,North Kathyland,PA,15345,Male,2007-03-05,Student
1870609,Deanna,Susan,Blair,6830,Davis Mall,Port Sandra,IL,60286,Female,1998-07-05,Student
1666009,Matthew,Daniel,Allen,9770,Herrera Summit,Port Jeffland,NY,14492,Male,1996-03-22,Student
1208120,Paula,Andrea,Mitchell,3508,Gilmore Stravenue,Leetown,NY,10956,Female,1998-12-29,Student
1584542,April,Rhonda,Phillips,7354,Walters Coves,New John,NY,11334,Female,2007-02-16,Student
1690991,Jennifer,Stephanie,Smith,5660,Brent Village,Dillonville,NY,10029,Female,2002-08-08,Student
1354536,Lisa,Sandra,Williams,1870,Erica Inlet,Brendaside,CT,6168,Female,1999-01-22,Student
9498765,Peter,Joseph,Pollard,8854,Angela Ferry,Thompsonburgh,NY,10915,Male,1996-05-22,Faculty
1654143,Cheryl,Jennifer,Ayers,6184,Mcgee Stream,West Holly,NY,10087,Female,1996-02-10,Student
1134573,Melanie,Jennifer,Wright,5868,Zamora Forges,West Brandonview,CA,90625,Female,2006-09-10,Student
1748539,Jeffery,Edwin,Estes,7559,Meghan Street,Richardtown,VA,24383,Male,2004-05-04,Student
1669572,Leon,Michael,Jackson,5255,Jerry Stream,Josephfurt,MA,2255,Male,2002-10-17,Student
1949211,Brianna,Erica,Wolf,1795,Ashley Village,Port John,NY,11237,Female,2006-01-15,Student
1031539,Jennifer,Gabriela,Villegas,9000,Matthew Mission,New Tammyview,NY,11671,Female,2007-03-23,Student
1156460,Derek,Peter,Fry,6629,Mark Crossroad,Simmonsport,NY,14157,Male,1999-11-09,Student
1949889,Emma,Nicole,Berry,5760,Rachel Hill,Loweburgh,MD,21827,Female,2003-11-05,Student
1307984,Jonathan,Jesus,Gonzalez,8347,Prince Row,Holderfurt,NY,12851,Male,2006-07-19,Student
1330323,Christina,Crystal,Flores,8731,Mitchell Club,Robertchester,PA,15497,Female,1994-11-27,Student
1016314,Tyler,Chad,Adams,8636,Sarah Corners,North Mary,NY,13407,Male,2003-09-09,Student
1302359,Kristina,Lisa,Smith,8808,Warren Ford,Mcdonaldmouth,NY,14502,Female,1996-05-01,Student
1676325,Ricky,Raymond,Duffy,3351,Pearson Common,East Jayport,OH,45077,Male,2005-07-30,Student
1177237,Amber,Janice,Gomez,6646,Beverly Crossroad,Lake Jacobland,NY,10375,Female,1996-09-02,Student
1229037,Mark,Joshua,Randall,6299,Hall Skyway,Cooperborough,OH,45715,Male,1998-11-30,Student
1796517,Donald,George,Shelton,2044,Crystal Trail,South Vanessaberg,VA,22083,Male,1996-12-02,Student
1656946,Danielle,Colleen,Reed,5558,Jones Ford,Summersborough,MA,2400,Female,2001-09-07,Student
1729662,Charles,Brian,Warren,4680,John Fields,Karenton,NY,12989,Male,2005-04-08,Student
1768979,Christopher,Javier,Davis,7605,Castaneda Via,Wardburgh,CT,6363,Male,2003-11-01,Student
1172410,Stephen,Michael,Curry,3650,Adams View,West Brent,MA,1610,Male,2003-11-23,Student
1734462,Christopher,Adam,Gonzalez,9959,Doyle Field,Lake Elizabethberg,OH,45026,Male,1999-10-09,Student
1303386,Rachel,Lisa,Nguyen,5421,Campbell Neck,Kevinborough,VA,22046,Female,1999-11-08,Student
1844775,Heather,Rhonda,Hunter,7861,Johnson Wall,South Jennifer,MA,2469,Female,2002-09-28,Student
1638527,Erica,Sarah,Daugherty,8492,Lindsey Viaduct,South Cynthiaport,TX,79454,Female,1996-01-21,Student
1512768,Dominic,William,Crawford,8794,Rivera Fall,West Christinashire,NY,14346,Male,2004-03-18,Student
1474006,Kimberly,Ashley,Conrad,1353,Stephen Hill,Lake Brittany,NY,12077,Female,2001-04-07,Student
1678477,Pamela,Anita,Thomas,9906,Robinson River,Port Danielle,NJ,7046,Female,2005-08-25,Student
1503703,Rachel,Crystal,Chen,1961,Anthony Expressway,Tanyaton,VA,24469,Female,2000-11-30,Student
1474684,Jason,James,Hernandez,9433,Jones Field,New Alexander,NY,12280,Male,2001-10-06,Student
9101449,Sarah,Laura,Melendez,9226,Clark Summit,Jamesberg,NY,10116,Female,1980-02-25,Faculty
1868691,John,Isaac,Reynolds,7319,Ryan Oval,Lake Ericaberg,NY,13518,Male,2003-01-27,Student
1339528,William,Angel,Chang,5818,Patel Mountain,Port Juliashire,PA,15899,Male,2003-01-08,Student
1267856,John,Gregory,Morton,8243,Brown Vista,Grahamfurt,PA,16703,Male,1998-02-28,Student
1420373,Joshua,Mark,Long,4353,Barnes Row,Justinfort,NY,10960,Male,1999-11-13,Student
1696815,Daniel,Christopher,Hernandez,5304,Cindy Curve,West Julia,NY,12315,Male,2001-08-06,Student
1987293,Jason,Spencer,Wolfe,5401,Victoria Trace,North Cindy,NY,13483,Male,2005-08-10,Student
1207041,Julie,Lisa,Fowler,6637,Martinez Plaza,Codyberg,OH,44796,Female,2004-11-03,Student
1173276,Brittany,Teresa,Thompson,5845,Chen Field,West Charles,NY,13500,Female,2006-09-04,Student
1220271,Stephen,Alejandro,Santana,4956,Smith Mountains,Phammouth,NY,13769,Male,2007-01-05,Student
1003113,Clinton,Andrew,Aguilar,9660,Ricky Spur,Lake Stephenfurt,NY,13092,Male,2001-06-17,Student
1828271,Shelly,Michelle,Curry,6287,Brian Mills,Nicholasbury,NY,11792,Female,2006-07-28,Student
1002244,Brianna,Ashley,White,9387,Taylor Orchard,Port Nicolebury,NY,10682,Female,2002-09-27,Student
1301183,Isaac,John,Rojas,2841,Walker Trail,Devinberg,FL,33801,Male,2001-06-19,Student
1654020,Christina,Lauren,Chavez,9986,Harper Viaduct,Jamesland,NY,10959,Female,2001-01-31,Student
1252157,Nicole,Janet,Weeks,7355,Scott Ways,Lake Shawnport,NY,10071,Female,2007-06-27,Student
1903859,Amy,Tiffany,Duncan,8501,Fowler Course,North Danside,CT,6026,Female,1996-07-17,Student
1669382,Joseph,Kevin,Cunningham,1700,Nancy Hills,Kimberlymouth,PA,19385,Male,2002-07-09,Student
1506401,Joshua,Keith,Rodriguez,9940,Sarah Radial,Sarahport,NY,13064,Male,1996-03-12,Student
1012419,Kevin,Frank,Parker,2972,Harris Garden,Port Aliciachester,NJ,8837,Male,2006-01-20,Student
1301782,Eric,David,Ramos,6988,Alicia Rapids,Matthewport,MD,21484,Male,1996-05-30,Student
1421421,Michael,Stephen,Watson,5097,Hess Station,North Natalie,NY,12398,Male,2004-02-24,Student
1529364,Kristy,Deanna,Mckee,9150,James Meadow,New Erikaside,NJ,7142,Female,2005-05-07,Student
1889799,Nicole,Christine,Spencer,9934,Crane Fields,Schmidtton,MA,1819,Female,1998-02-11,Student
1715371,Angela,Jessica,Daniel,4713,Vasquez Course,Port Lisa,NY,12018,Female,2000-02-23,Student
9905800,John,Michael,Collins,5029,Andrew Haven,Jennifertown,NY,12856,Male,1992-12-28,Faculty
1375971,Kristina,Laurie,Davies,4775,Brown Pike,North Curtisfort,NY,13630,Female,2004-03-21,Student
1062092,Erika,Hannah,Carter,4670,Conrad Inlet,Darrenfurt,NY,11174,Female,2006-05-08,Student
1866824,Jennifer,Victoria,Nolan,8410,Brown Plaza,Loriburgh,TX,76606,Female,2002-11-30,Student
1361358,Vincent,William,Bryant,4647,Phelps Plains,Yvonnefort,MD,21211,Male,2002-07-17,Student
1856260,Lori,Rebecca,Mitchell,8688,Torres Centers,Riverabury,NY,14856,Female,2003-11-20,Student
1229451,David,Zachary,Alvarez,6979,Katherine Prairie,Nguyenville,CT,6011,Male,1997-10-04,Student
1133875,Andrea,Laura,Thomas,2356,David Path,Lake Davidstad,NY,13507,Female,2004-07-09,Student
1945005,Jason,Allen,Harris,9927,Frazier Row,Richardport,NJ,7202,Male,2007-09-26,Student
1816836,Lauren,Kaitlin,Howe,6577,Walker Center,East Theresaside,NY,10230,Female,2001-05-21,Student
1377028,Melanie,Jean,Hull,2568,Gibson Lights,Shannonside,NJ,8549,Female,2000-04-08,Student
1499500,Matthew,Edward,Cummings,8086,Raymond Rapid,Lake Reneestad,NJ,8379,Male,2007-04-17,Student
1224458,Nicole,Katrina,Powell,4700,Joseph Valley,Cantrellport,CT,6283,Female,1999-02-08,Student
1823237,Gina,Victoria,Mckinney,3290,Wallace Parkways,North Stephanieborough,NY,11298,Female,2000-05-03,Student
1960456,Justin,Robert,Mckay,9621,Mack Mission,Rochafort,NJ,8693,Male,1997-04-24,Student
1299392,Alan,Daniel,Davis,4911,Brandon Springs,South Johnnyton,NJ,7542,Male,2003-10-01,Student
1723437,Charles,Willie,Robinson,3970,Carla Harbor,Frederickport,OH,43807,Male,2006-09-05,Student
1382101,Ronald,Michael,Garcia,8115,Cannon Station,Matthewborough,NY,12397,Male,2003-06-08,Student
1324867,Taylor,Taylor,Rios,3469,Scott Fords,Bobbyview,NY,11782,Female,1997-05-22,Student
1804466,Lorraine,Anne,Webster,7934,John Crescent,Josephfurt,MA,2535,Female,2005-12-11,Student
1006514,Jonathan,Robert,Pratt,4759,Deanna Crossroad,South Georgeland,NJ,8902,Male,1998-12-09,Student
9182169,Scott,Edward,Pugh,8415,Willis Mountain,Lake Rachael,NY,11639,Male,1954-09-08,Faculty
1405696,Sally,Melissa,Patterson,3442,Veronica Court,Lauraside,NY,14252,Female,1997-05-11,Student
1846420,Wesley,Michael,Houston,7882,Castillo Squares,Johnville,PA,16482,Male,1998-05-21,Student
1651723,Paul,David,Brooks,6916,Walker Common,North Kelly,NY,12715,Male,1995-01-01,Student
1290797,Joseph,Gregory,Moore,7475,Ware Ridges,Williamsfurt,NY,10265,Male,1999-04-08,Student
1336393,Donna,Morgan,Walton,1504,King Pike,North Nicholasbury,NY,10131,Female,2003-03-29,Student
9514317,Raven,Amber,Fisher,8152,Erin Landing,Davidfurt,NY,11617,Female,1964-06-09,Faculty
1149956,Melissa,Denise,Sutton,9083,Smith Ferry,Lake Jonathan,NY,13956,Female,1995-03-16,Student
1932140,Riley,Brian,Gibbs,6881,Miranda Views,West Benjamin,CT,6231,Male,2000-04-15,Student
1121216,Isabella,Christine,Wade,3536,Alec Forge,South Kimberlyshire,FL,32323,Female,2005-03-26,Student
9056038,Jasmine,Alexis,Mcdaniel,1985,Derek Greens,Kennethchester,NY,12175,Female,1995-11-22,Faculty
1002178,Emma,Jillian,Ramsey,5694,Jeffrey Shoal,New Josephfort,NY,13456,Female,2000-09-30,Student
1729539,William,Paul,Johnson,2313,Matthew Crescent,Lake Michelleville,NJ,8114,Male,2004-01-14,Student
9352887,Joshua,Michael,Carroll,5062,Bryan Neck,Bondstad,NY,10524,Male,1961-10-04,Faculty
1092051,Aaron,Bryan,Hicks,9148,John Plaza,Timothymouth,NY,10786,Male,1998-01-14,Student
9079161,Kayla,Yesenia,Lewis,3350,King Neck,Lake Anthonymouth,NY,14441,Female,1990-08-24,Faculty
1561645,Douglas,Raymond,Faulkner,9776,Penny Shoals,Lopezton,NY,11791,Male,2000-05-26,Student
1623720,Justin,Eric,Garcia,8642,Morrow Locks,Sarahburgh,NJ,7792,Male,1997-04-18,Student
1739101,Amanda,Tina,Rogers,7290,Jack Land,Port Alice,NY,11812,Female,1998-04-28,Student
1777922,Ashley,Kara,Miller,6611,Marie Mission,Ramseybury,NY,14291,Female,1999-01-25,Student
1419052,Kristen,Erin,Cummings,7100,James Fall,East Reginald,NY,11746,Female,1994-10-17,Student
1694198,Patrick,Louis,James,2035,Aaron Mews,East David,NY,13570,Male,2002-02-15,Student
1512337,Richard,Jeffrey,Moreno,6227,Kelly Point,East Nicholas,NY,14747,Male,1994-12-14,Student
1416712,Reginald,Melvin,Adkins,7788,Kelley Squares,West Walter,PA,15673,Male,1997-08-07,Student
1330227,Heather,Priscilla,Gomez,4445,Cherry Tunnel,North Mirandatown,IL,60078,Female,1996-08-31,Student
9685753,Timothy,Ronald,Burke,8923,Meyer Point,North Stephanie,NY,12818,Male,1984-12-25,Faculty
1563416,James,Nathan,Krause,4085,Delgado Brook,East Jason,CT,6191,Male,1998-09-05,Student
1896333,Paul,William,Jimenez,9418,Matthew Port,New Lori,NJ,8144,Male,2004-09-20,Student
1822859,James,Jorge,Reid,5695,Chan Island,Middletonhaven,MA,1811,Male,2001-07-04,Student
1627873,Thomas,Michael,Carter,5270,Kathryn Streets,South Jamesmouth,NJ,8402,Male,2001-07-04,Student
1878765,Allison,Dana,Alexander,4716,Ronald Canyon,East Sydney,MA,2094,Female,2001-06-25,Student
1958305,Andrew,Luis,Rice,3284,Leslie Valleys,Lake Alexandrafort,FL,32515,Male,1994-12-07,Student
1065793,Dylan,David,Parker,7159,Crawford Alley,Port Jeffrey,PA,16046,Male,2006-03-23,Student
1927912,Jessica,Emily,Thompson,4040,Linda Summit,South Sean,PA,16233,Female,1994-12-10,Student
1682901,Courtney,Amy,Baldwin,4546,Reeves Mills,Lake George,NY,11821,Female,2004-04-12,Student
1617823,Vicki,Deborah,Morgan,6929,Wagner Wall,Phillipchester,NY,12077,Female,2003-08-25,Student
1528059,Christy,Wendy,Hardy,1343,Melissa Points,Annettefort,NJ,7011,Female,2007-03-29,Student
1116058,Brandon,Richard,Fields,3621,Alvarez Manors,Martinland,NY,12391,Male,1997-05-10,Student
1700978,Andrew,Christopher,Davis,3635,William Fields,Harperfurt,OH,45327,Male,1998-09-24,Student
1693669,Ashley,Amanda,Mccarthy,6762,Theodore Points,Lake Shawn,NJ,7263,Female,1995-09-17,Student
1574434,Barbara,Veronica,Herman,2735,Kimberly Ways,East Amychester,TX,76077,Female,2001-02-16,Student
1179044,Miranda,Stephanie,Ward,2763,Lauren Canyon,Port Julie,NJ,7240,Female,2000-01-28,Student
9786618,Carol,Tiffany,Smith,9417,Jodi Hollow,New Jenniferville,NY,12756,Female,1960-01-18,Faculty
1052465,Robin,Lisa,Hicks,4127,George Streets,Bradleyview,PA,18138,Female,1997-11-14,Student
1732041,Barry,Calvin,Clarke,7773,Richard Green,North Bethany,NY,10691,Male,2001-12-03,Student
9624481,John,Jose,Mendez,1122,Tammy Squares,Port Julie,NY,12067,Male,1988-07-02,Faculty
1816654,Michele,Hannah,Webb,6310,Frances Brooks,Vincentborough,IL,61920,Female,1995-01-27,Student
1819948,Brianna,Terry,Walls,1580,Kevin Ramp,Paulport,NY,10436,Female,1996-11-04,Student
1482136,Terry,Tyler,Jensen,2583,Powers Ville,West Raymond,FL,34650,Male,1998-08-29,Student
1174773,Michael,Brian,Velasquez,1310,Christopher Haven,Stephanieton,NY,10294,Male,2003-10-15,Student
1347985,John,Andrew,Carlson,8713,Guzman Port,West Alexisbury,MA,2107,Male,2006-01-22,Student
1217650,Luis,Jack,Bryant,5471,Michael Crossroad,Lake Lindamouth,NJ,8682,Male,2002-12-01,Student
1680567,Stephanie,Susan,Collins,6846,Wilkins Circles,Shellymouth,NY,10559,Female,2001-06-18,Student
1970099,Morgan,Jessica,Herring,7521,Jeffery Parks,North Kimberlyhaven,FL,34953,Female,2001-07-31,Student
1459534,Timothy,Charles,Allen,9456,John Mountain,Bennettburgh,NY,14175,Male,2000-06-11,Student
1672438,Chase,Jose,Richard,8684,Jennifer Ways,New Daniel,TX,77215,Male,1996-10-01,Student
1403318,Cynthia,Jamie,Jackson,5310,Carter Glen,West Brenda,NY,11387,Female,2001-01-23,Student
1616751,Joshua,Daniel,Cameron,6688,Thomas Park,Whitneyfort,VA,24114,Male,2005-06-22,Student
1278987,Barbara,Annette,Cooper,8916,Ramirez Place,South Jennifer,NY,10495,Female,1997-02-28,Student
1312274,Donald,Angel,Vasquez,5861,Rivera Track,New Eric,NY,13278,Male,2002-08-06,Student
1598743,Michael,Matthew,Turner,2249,Tonya Lake,Griffinshire,NY,10180,Male,2005-02-24,Student
1483697,Kevin,Jack,Hall,3131,Rosales Port,North Kyle,IL,62835,Male,2003-03-05,Student
9284529,Megan,Tammy,Dean,2381,Hamilton Village,North Jennifer,NY,14885,Female,1963-12-11,Faculty
1091130,Thomas,Mathew,Burns,6335,Roberts Rue,East Michael,NY,13709,Male,1999-11-09,Student
1012628,Morgan,Pamela,Perez,2489,Thomas Crest,New Robert,NY,11912,Female,2001-07-18,Student
1874687,Jennifer,Samantha,Edwards,4177,Douglas Stream,Lake Catherine,CT,6270,Female,2004-09-19,Student
1613823,Joshua,William,Cardenas,4447,Gail Union,Garciaton,NJ,7645,Male,2000-08-02,Student
1348610,Evan,Vincent,Walls,8981,Nicholson Extensions,North Anthonystad,NY,10960,Male,2006-04-25,Student
1538680,Carla,Emily,Hill,5121,Hardy Common,South Darrenborough,NY,10335,Female,2001-01-30,Student
1139552,Linda,Mariah,Smith,8696,Maldonado Shore,West Henry,MD,20863,Female,1996-07-14,Student
1076565,Cheryl,Joanna,Jones,4034,Christine Burg,North Jasontown,NY,12577,Female,2004-07-31,Student
1468644,Matthew,Bruce,Kim,8561,Ralph Wells,Allisonland,NY,14545,Male,1997-02-15,Student
1258075,Julie,Joann,Burgess,5110,Benjamin Way,Port Michaelborough,MD,21877,Female,1998-12-18,Student
1538422,Melissa,Leslie,Terry,8327,Robert Harbor,New Susan,NY,11386,Female,2007-06-27,Student
1761118,Shaun,Dillon,Brown,9914,Knight Summit,Kennethborough,VA,23918,Male,2001-03-10,Student
1872153,Shawn,Eric,Lopez,7581,Roberts Greens,Philliptown,NY,11805,Male,1996-10-01,Student
1850989,Valerie,Amy,Thompson,2662,Gonzalez Manor,West David,IL,62114,Female,2001-10-18,Student
1698858,Rhonda,Julie,White,6608,Norman Isle,New Christopher,NY,11009,Female,2002-03-01,Student
1837496,James,Austin,Smith,7530,Cynthia Way,Malloryville,CT,6113,Male,2004-09-12,Student
1175547,Tammy,Sarah,Ford,5242,Cameron Landing,South Kimberlytown,CT,6076,Female,2000-08-15,Student
1170061,Russell,Todd,Morales,4136,Christina Mills,North Ivan,NJ,7802,Male,2006-10-07,Student
1809296,Lisa,Carla,Cole,9344,Janet Lake,South Brandonside,NJ,7981,Female,2006-09-19,Student
1215316,Lisa,Audrey,Hudson,2634,Jones Spring,East David,MA,2779,Female,2001-02-23,Student
1873412,Christopher,Zachary,Garza,7325,William Trace,Olsonmouth,MA,1679,Male,1996-06-26,Student
1501011,Rebecca,Charlotte,Sullivan,3343,Wilson Crescent,Lake Ashley,PA,18853,Female,2001-08-22,Student
1320065,Angela,Joy,Adams,9795,Jacob Skyway,North Keith,MD,21219,Female,2005-06-09,Student
1326992,Charles,Michael,Davis,5088,Morris Spurs,Jeffreyside,NJ,7321,Male,1995-04-24,Student
1139866,Rickey,John,Massey,9408,Brown Valley,Lake Rebecca,NY,12226,Male,2007-05-22,Student
1950245,Frank,Christopher,Rojas,6732,Webb Squares,Leeview,TX,77632,Male,2005-01-11,Student
1781545,John,Patrick,Brown,1627,Sean Court,North Billyshire,VA,22661,Male,2002-07-20,Student
1630819,Eric,William,Patterson,4002,Roy Course,North Ashleyfort,NY,10022,Male,2000-04-02,Student
1913826,Rebecca,Amanda,Haynes,8419,Sharon Estates,Bennetttown,NJ,8149,Female,1998-11-19,Student
1844782,Matthew,Adam,Simmons,6952,Thomas Islands,Port Dawn,CT,6351,Male,1997-06-27,Student
1022999,Jose,Phillip,Cole,5470,Katrina Mountains,Nicholasshire,MD,20977,Male,2001-12-26,Student
1071970,Anthony,Justin,Anderson,3558,Parrish Station,Dicksonstad,NY,12054,Male,2003-07-17,Student
1172523,Andrew,James,Sherman,7988,Green Ford,New Jillton,IL,62562,Male,2002-06-19,Student
1730246,Jennifer,Megan,Hernandez,4377,Stephanie Cape,Stacyburgh,NY,14451,Female,1999-10-02,Student
1805337,William,Michael,Porter,2464,Haynes Causeway,Clarkchester,NY,11017,Male,1998-04-19,Student
1427502,Sharon,Sharon,Hines,4808,Sara Via,East Rogerbury,NY,10807,Female,2005-11-30,Student
1179589,Megan,Stephanie,Williams,9167,Sara Drive,South Juanhaven,CA,94861,Female,2005-02-08,Student
9694651,Blake,Ronald,Bowen,7992,Brown Trafficway,New Robert,NY,12626,Male,1989-08-12,Faculty
1509220,Tiffany,Kelly,Flores,7119,Tanya Ford,Port Danielleshire,OH,43501,Female,2006-09-20,Student
1494447,Glenda,Darlene,Warner,3846,Robert Dam,Hernandezport,NY,13388,Female,2003-05-25,Student
1590620,Katherine,Holly,Leonard,3993,Timothy Gateway,Johnsonchester,NY,14232,Female,2005-06-19,Student
1313635,Patricia,Amber,Gibson,1724,Jackson Avenue,Shawnfort,NY,14108,Female,2003-11-06,Student
1705494,Emily,Laura,Flynn,2067,Gary Ridges,East Annborough,NY,10673,Female,2007-06-03,Student
1866731,Christopher,Richard,Bradley,9207,Simmons Field,West Kelsey,NY,11582,Male,2007-04-14,Student
1312665,Michelle,Ashley,Solomon,8331,Sexton Plains,Brownburgh,NY,10214,Female,2000-04-08,Student
1636838,Jeremy,Phillip,Daniels,3210,Davis Overpass,Lake Travismouth,NY,14639,Male,1999-07-22,Student
1864954,Christopher,Justin,Andrade,9981,Miller Ports,Donaldmouth,NY,12750,Male,2006-08-08,Student
1682380,Nichole,Mary,Nichols,9993,Christopher Drive,South Zachary,MA,1105,Female,2001-03-29,Student
1368584,Heather,Julie,Hammond,9701,Amanda Flats,Lanechester,NJ,8411,Female,1996-07-16,Student
1887361,Dennis,Johnny,Vargas,5774,Castillo Mountain,West Stephaniechester,CT,6326,Male,2005-10-29,Student
1429844,Lee,Martin,Trujillo,6463,John Haven,Ryanport,NY,14639,Male,1998-11-22,Student
1692420,Mary,Monica,Day,5628,Mann Haven,Sanchezton,NJ,8332,Female,2007-09-23,Student
1314176,Joshua,Steven,Allen,4894,Debbie Road,Brianville,NY,11748,Male,1996-05-06,Student
1799963,Matthew,Steven,Myers,3165,Bob Oval,East Anthonyfort,NY,11862,Male,2003-01-03,Student
1930488,John,John,Watson,5888,Jacqueline Springs,South Brandyport,MA,1471,Male,1997-04-04,Student
1899918,Valerie,Lisa,Roberson,9074,Raymond Rapids,Lake Jamesberg,NY,10660,Female,1998-12-01,Student
1948497,Savannah,Mary,Vargas,6182,Kelly Inlet,Lake Kevinfort,NY,12573,Female,1999-08-22,Student
1393897,Brian,Robert,Martin,7480,Cindy Plain,South Jeffreyberg,MA,1048,Male,1999-10-08,Student
1390327,Alexandra,Tracey,Ramirez,3203,Thomas Plains,New Pamela,NY,13404,Female,1998-01-30,Student
1115512,Lawrence,Joshua,Walters,2448,Trevino Trafficway,Averybury,CT,6258,Male,2002-11-11,Student
1593903,Tracey,Ashley,Krause,7660,Michael Stream,Port Lisaland,NY,11145,Female,2003-01-15,Student
1622556,Linda,Kelsey,Marquez,1308,Amanda Cove,Ramirezmouth,MA,2695,Female,2000-10-25,Student
9650822,Charles,Thomas,Mack,3753,Lucas Trail,New John,NY,11122,Male,1967-08-06,Faculty
1789586,Emma,Caroline,Roberson,1313,Crystal Track,Amyview,CA,94233,Female,2005-02-18,Student
1496460,Natasha,Autumn,Davis,5206,Lozano Ways,New Tony,NY,13504,Female,1995-07-09,Student
1893054,Gabriel,Jacob,Barajas,8412,Martinez Junction,Morrowburgh,NY,10535,Male,2006-06-20,Student
1093504,Kaitlin,Katherine,Garza,2231,Phillips Isle,West Patriciahaven,NY,11771,Female,2007-01-22,Student
1181028,Jimmy,Benjamin,Long,3911,Fowler Cove,North Ryanville,NY,13577,Male,1999-06-17,Student
1179136,Shaun,Christopher,Novak,8704,Levy Throughway,Leefort,MD,20862,Male,1998-01-11,Student
1310432,Sara,Mercedes,Wagner,7226,David Avenue,Cathyborough,NY,14752,Female,1999-01-11,Student
1305902,Tim,Charles,Burns,7124,Hall Mews,Jasmineburgh,NY,10877,Male,2004-08-09,Student
1021948,Victor,Steven,Lee,7152,Seth Plaza,Port Breannashire,MA,1573,Male,1994-10-06,Student
1643614,Susan,Elizabeth,Stevens,4150,Maria Wall,Robertton,MA,2592,Female,1999-03-27,Student
1249418,Kelly,Suzanne,Orozco,9914,Jacqueline Valleys,Lake Joe,NY,14347,Female,2001-12-03,Student
1923027,Nicole,Mia,Vasquez,2209,Mark Street,Lake John,VA,23209,Female,1996-05-04,Student
1523603,Ian,Calvin,Hunt,5955,Justin Unions,West Johnfurt,MA,1583,Male,2001-01-05,Student
1532133,Arthur,Thomas,Stevenson,8231,Jodi Mission,Wesleyborough,CT,6320,Male,1998-04-17,Student
1351429,Antonio,Seth,Murphy,2538,Kenneth Ways,Paulmouth,CT,6242,Male,1995-07-04,Student
1847072,Pamela,Mary,Walsh,2111,Richards Stravenue,Jennamouth,NY,13140,Female,2006-11-14,Student
1387459,Heather,Laura,Cobb,8857,Riley Pass,North Katherineshire,NY,14538,Female,1995-09-12,Student
1704029,Jason,Richard,Johnson,9849,Karen Square,Deanberg,NY,11945,Male,1996-11-15,Student
1475342,Kevin,Jeffrey,Decker,2039,Smith Extensions,West Emily,NY,13314,Male,2000-07-27,Student
1687796,Lori,Laura,Fry,4108,Shaw Well,Robertberg,VA,22475,Female,2004-03-31,Student
1747276,Melissa,Christina,Shea,4549,Phillips Tunnel,Port Kevinton,CT,6346,Female,1996-01-26,Student
1771706,Tyrone,Spencer,Kerr,3462,Lauren Mission,Michaelport,CA,92349,Male,1997-03-19,Student
1187419,Amanda,Kristine,Barnett,7655,Danielle Run,Cassandrabury,MA,2414,Female,2007-06-25,Student
1308180,Scott,Antonio,Cunningham,4428,Garcia Shoals,Port Jennifer,CA,91213,Male,2000-09-06,Student
1948773,Michael,Douglas,Stanley,9528,Michael Crossroad,North Bettymouth,PA,19041,Male,1996-02-21,Student
1625175,Steve,Shane,Lynch,8080,Anthony Stream,Lauraburgh,VA,24032,Male,1995-01-20,Student
1429684,Melissa,Alyssa,Simmons,4377,Tim Mews,Moorechester,NY,10561,Female,1999-11-04,Student
1259343,Shawn,James,Daugherty,3701,Carol Circles,Matthewfurt,PA,17680,Male,2000-05-06,Student
1829240,Thomas,Jared,Johnson,8192,Richard Burg,Lake Margaretfurt,MA,2304,Male,2002-09-19,Student
1441969,Jasmine,Emily,Gonzalez,5472,Shannon Orchard,Lynnside,NY,13814,Female,2005-02-16,Student
1819363,Michael,Trevor,Moody,6259,Miller Underpass,Toddmouth,NJ,8277,Male,1994-12-25,Student
1388467,Dana,Erica,Pearson,1520,Nelson Knolls,South Barbaraview,OH,44811,Female,2004-08-21,Student
1318421,Cassie,Katherine,Miller,5754,Fields Street,Willisberg,PA,17543,Female,1998-04-24,Student
1592505,Juan,David,Lee,8573,Jonathan Locks,Lucasborough,VA,24305,Male,1997-11-21,Student
1181906,Jacob,James,Jones,1922,Oliver Center,New Brian,NY,11421,Male,1999-01-09,Student
1140472,Andrew,Christopher,Bell,7938,Wilson Lakes,South Cheyenne,NY,12128,Male,2001-07-15,Student
1793276,Gregory,Gary,Baker,6774,Brown Gardens,South Michelle,CT,6280,Male,1999-11-17,Student
1528940,Dylan,Derek,Gonzales,3379,Dennis Lake,West Christopherburgh,NY,13746,Male,2003-08-18,Student
9819713,John,Benjamin,Hanna,1411,Carpenter Throughway,Belindatown,NY,12827,Male,1981-01-22,Faculty
1542625,Craig,Matthew,Howell,2607,Phillips Row,New Nicole,PA,18131,Male,1998-07-03,Student
1666635,Sheila,Sandra,Love,1405,Roger Crossroad,North Brandyborough,MD,21504,Female,2004-06-22,Student
1166337,Brenda,Shannon,Powers,7330,Melendez Park,New Amber,NY,12810,Female,1995-12-25,Student
1300698,Miranda,Pamela,Wilson,3419,Jennifer Neck,East Makayla,CT,6171,Female,2007-04-10,Student
1673789,David,Donald,Collins,6315,White Squares,Davidburgh,CT,6268,Male,1999-09-22,Student
1713660,Lisa,Jill,Graham,6368,Latoya Alley,Lake Karenborough,NJ,7063,Female,2002-10-09,Student
1858475,Jared,Mitchell,Reynolds,8020,Henry Prairie,South Diana,NY,12780,Male,2004-12-24,Student
1396124,Shawna,Amy,Perez,2224,Elizabeth Dam,Pearsonbury,NY,14234,Female,2003-09-16,Student
1125619,Andrea,Christy,Jordan,9819,Sarah Expressway,Alyssaton,NJ,7147,Female,2000-11-13,Student
1983406,Henry,James,Young,5131,Kristen Green,Port Steven,CT,6118,Male,1997-06-14,Student
1045632,Henry,Daniel,Perez,8462,Harvey Circle,Adriennefurt,NY,12452,Male,2002-06-23,Student
1050781,Tracey,Angela,Davies,4858,Lambert Junction,Nicholeton,NY,12647,Female,2007-03-28,Student
1128425,Nicole,Erica,Mack,9575,Jessica Mountains,Smithberg,MA,2104,Female,1995-08-26,Student
1827222,April,Robin,Martin,3763,Kimberly Flats,Garciafurt,NY,13557,Female,1994-11-13,Student
1340675,Elaine,Laura,Fletcher,8945,Carly Junctions,East Jonathan,CA,94291,Female,1998-10-17,Student
1443412,Joseph,Eric,Wade,6081,Deborah Camp,South Jamesfort,TX,77112,Male,2002-04-01,Student
1352774,Angela,Margaret,Williams,1329,David Street,Tashaview,PA,16088,Female,2006-09-15,Student
1074134,Valerie,Connie,Mckee,1194,Nicholas Station,Robertton,NY,14845,Female,2002-04-26,Student
1146546,Teresa,Leslie,Drake,2844,Boone Union,Shaneshire,NY,11221,Female,2005-09-22,Student
1336711,Melissa,Jessica,Wallace,5140,Charles Points,New Johnview,NY,12499,Female,1996-02-06,Student
1438798,Ryan,Michael,Gonzales,2968,Hughes Mountains,Bakertown,CT,6084,Male,1995-03-09,Student
1446242,Whitney,Laurie,Johnson,4759,Smith Pines,Burgessborough,NY,10427,Female,2000-12-28,Student
1444746,Anthony,Gregory,Phillips,2776,Jill Circle,Port Brianna,PA,19238,Male,1997-03-13,Student
1528807,Morgan,Charlene,Parker,9220,Collins Points,South Ryanport,NY,13037,Female,1997-10-12,Student
1343624,Gail,Elizabeth,Lowe,5863,Chavez Mills,Port Tylertown,CA,95461,Female,2004-12-27,Student
1176564,Shelley,Courtney,Rodriguez,1651,Denise Road,Fernandezshire,NY,11487,Female,2003-04-20,Student
1303534,Taylor,David,Larson,8401,Tiffany Springs,West Travistown,NY,11353,Male,1997-08-17,Student
1002148,Christian,Raymond,Smith,4745,Coffey Park,Danachester,IL,62560,Male,2003-06-16,Student
1718476,Michael,Nathan,Lloyd,8701,Trevino Mills,Littlefurt,TX,78083,Male,2000-03-30,Student
1359759,Steve,Michael,Williams,3014,Cook Meadows,New Jeffrey,CT,6237,Male,1995-06-02,Student
1632444,Stacey,Julia,Stevens,1227,Morse Village,North Brendafort,CA,95879,Female,2005-05-10,Student
1941932,Joe,Joseph,Baker,3006,Bryan Parkways,New Laurenmouth,CA,94597,Male,2006-07-18,Student
1768928,Laura,Kathryn,Watson,1220,Kurt River,Clarkstad,NJ,8704,Female,2003-01-04,Student
1693666,Scott,Nicholas,Lopez,4890,Jose Lakes,Farmerport,NJ,7389,Male,2002-07-09,Student
1172673,Sharon,Caitlin,Marks,5172,Steven Pine,North Ryan,NY,12606,Female,2007-04-05,Student
1504157,Richard,Mark,Watson,5090,Cox Valley,East Juanfurt,NY,14719,Male,2003-07-28,Student
1576294,Michael,Andrew,Smith,8770,Shelley Spur,Danielleview,NY,14215,Male,2006-12-05,Student
1652922,Heather,Jennifer,Willis,9709,Simmons Prairie,North Andrew,NY,11324,Female,1999-05-19,Student
1500862,Alicia,Brenda,Perez,2334,Olsen Hollow,New Priscilla,NY,12885,Female,1998-03-11,Student
1299794,Michelle,Angelica,Sanchez,3631,Christopher Overpass,Port Michaelstad,CT,6246,Female,2003-10-30,Student
1791166,John,Rodney,Stark,7204,Baker Brook,Port Ryanside,OH,43542,Male,1999-11-26,Student
9323360,Kristina,Leah,Hudson,6367,Romero Shoals,Port Rachel,NY,11159,Female,1953-11-05,Faculty
1698666,Lisa,Christina,Waters,6335,Cervantes Wells,Madisonburgh,NY,11350,Female,2000-07-07,Student
1210514,Carolyn,Maria,Roberts,5840,Schmidt Junctions,East Trevorborough,MA,1607,Female,1998-08-07,Student
1274554,Manuel,Blake,Velasquez,5111,Green Valley,Muellermouth,CT,6135,Male,2006-03-24,Student
1909684,Maria,Lisa,Sanchez,5142,Stacy Streets,East Samanthaland,OH,44883,Female,2004-10-04,Student
1016448,Tracy,Sarah,Harrison,7972,Gutierrez Drive,West Eric,FL,33393,Female,2001-06-01,Student
1729691,Helen,Julia,Brooks,1659,Reyes Ridge,East Wayneview,VA,23650,Female,2004-01-14,Student
1111669,Teresa,Michelle,Clarke,1136,Williams Dale,Castanedaport,NY,10003,Female,1995-11-28,Student
1668133,Joshua,Gary,Douglas,6318,Stanton Fields,East Catherineton,OH,45066,Male,1999-07-09,Student
1399746,Ashley,Amanda,Johnson,5701,Wolf Forest,North Gina,NY,14101,Female,1999-05-02,Student
1618439,Daniel,Lee,Ruiz,9978,Brian Fall,Myersmouth,MA,2626,Male,1998-12-08,Student
1533618,Amy,Gina,Gonzales,4353,Casey View,Byrdfurt,NY,12956,Female,1997-07-23,Student
1373776,Joseph,Maurice,Sharp,6819,Chavez Burgs,Julieside,CT,6242,Male,2007-05-03,Student
1165592,Rebecca,Kari,Nguyen,8449,Brittany Course,Jeannefurt,NY,12715,Female,2003-09-22,Student
9483841,Christopher,John,Wilson,2197,Joseph Island,New Jenniferborough,NY,14140,Male,1997-09-14,Faculty
1989104,Adam,James,Johnson,6358,Clark Camp,Dukeport,NY,12875,Male,2000-08-28,Student
1337863,Julie,Stacy,Rodriguez,6318,Yu Place,South Kayla,NY,14858,Female,1998-01-07,Student
1994828,Tammy,Brianna,Roberts,7118,James Vista,Port Richardview,NY,13611,Female,2007-05-13,Student
1595240,William,Steven,Barnes,7984,Margaret Curve,Suarezhaven,CT,6216,Male,2003-11-22,Student
1221178,Michael,Jason,Snyder,1213,William Mountains,Christopherfurt,NJ,8872,Male,2003-05-29,Student
1525016,Dennis,Kyle,Johnson,6220,Larson Square,South Latoya,NJ,8646,Male,1997-02-27,Student
1102985,Autumn,Erin,Jordan,2932,Vanessa Field,Harrellchester,NY,14646,Female,2004-05-12,Student
1766280,Roy,Alfred,Moore,2388,Kathryn Knoll,Francohaven,MD,21847,Male,2005-10-16,Student
1487664,James,Brian,Jones,4531,Taylor Stream,Calvinside,VA,23150,Male,2003-04-07,Student
1910113,Jeffrey,Joseph,Buck,9914,Johnson Pike,Louiston,NJ,7293,Male,2005-02-26,Student
1239673,James,Steven,Webb,1710,Henry Fall,Michaelhaven,OH,43171,Male,2004-04-05,Student
1507735,Jeremy,Donald,Lopez,2729,Amanda Fields,Weberville,MA,1930,Male,1999-08-03,Student
1384084,Karen,Valerie,Sims,2480,Gary Park,Harrisville,CT,6084,Female,2007-02-01,Student
1021893,Shawn,Jonathan,Anderson,4802,Olsen Shoals,Kevinside,OH,43811,Male,2000-10-01,Student
1964798,Samantha,Jodi,Ramirez,2752,Jordan Crossroad,New Timothybury,NJ,8516,Female,1995-07-19,Student
1785048,Susan,Alexis,Thomas,1721,William Corner,South Kimberlyton,NJ,7736,Female,2007-08-29,Student
1960040,Kelly,Dominique,Thompson,5137,Kirsten Row,Hernandezville,NY,11910,Female,2003-10-10,Student
1702341,Thomas,Ronald,Calderon,5705,Isabel Parkway,Hayesland,CT,6261,Male,2003-03-09,Student
1294832,Jeff,Joshua,Washington,2359,Gregory Row,Kennedystad,OH,45310,Male,1994-10-20,Student
1909832,Terry,Jodi,Becker,9080,Robert Ranch,Ballmouth,PA,15936,Female,1994-11-25,Student
1617141,Daniel,Zachary,Medina,9114,Wright Plains,Port Amanda,MA,2010,Male,2001-05-27,Student
1822148,Jeanette,Veronica,Hudson,3925,Whitehead Path,Michaelfurt,NY,14393,Female,1994-11-14,Student
1621397,Jason,David,Mcdaniel,8484,Anderson Via,Robertshire,NY,11708,Male,2007-06-20,Student
1142662,Ryan,James,Diaz,9056,Moore Run,Alvaradoton,NY,13766,Male,2000-05-22,Student
1990548,Cathy,Renee,Gonzales,1710,Joseph Views,Robinbury,NY,14243,Female,1996-11-12,Student
1312999,Melissa,Tina,Jones,8058,Cordova Ridges,South Stephen,CT,6162,Female,2002-04-28,Student
1326439,Christian,Bradley,Aguirre,1858,Morris Court,West Arthurburgh,CT,6388,Male,1999-08-12,Student
1210568,Kendra,Teresa,Johnson,1123,Christina Grove,Jacksonshire,CT,6034,Female,1997-02-11,Student
1852715,Brian,Michael,Parsons,4454,Osborn Mews,West Davidside,NY,10688,Male,2000-06-02,Student
1333364,Anthony,Richard,Bauer,3310,Randolph Islands,Davidhaven,NY,12392,Male,2006-08-12,Student
1256665,Elizabeth,Lisa,Wolfe,1593,John Turnpike,New Tylerview,MA,2368,Female,1997-02-01,Student
9244100,Samantha,Carolyn,Sanchez,7721,Patrick Mount,Kathleenberg,NY,11047,Female,1984-06-18,Faculty
1579767,Timothy,Randy,Cox,9062,Edwards Rapid,Michelleport,NJ,7533,Male,2004-07-26,Student
1675962,Cynthia,Angela,Morris,8173,John Walk,Bellmouth,PA,15187,Female,1995-12-07,Student
1156832,Jacob,John,Santos,8387,Jacob Pike,Lake Troy,NY,14109,Male,2000-02-19,Student
1037157,Danielle,Sarah,Anderson,8188,Darren Street,Laurenborough,MD,21924,Female,2002-08-30,Student
1120946,Mark,Kevin,Flynn,7868,Jonathan Light,Johnstonchester,TX,79235,Male,2000-10-10,Student
1850156,Corey,Dylan,Rose,9155,Christie Track,East Kevin,MA,1808,Male,2002-06-03,Student
1730883,Daniel,Jason,Lopez,9293,Williams Island,Lake Johnnyberg,OH,45626,Male,1998-10-02,Student
1341102,Stacy,Kim,Wilkins,1176,Heather Extension,Mcdonaldborough,MA,2532,Female,2000-03-16,Student
1573726,Ashley,Danielle,Richardson,4681,Tucker Lakes,Sharonhaven,FL,34829,Female,1996-08-02,Student
1570234,Brent,Michael,Schmidt,4288,Christopher Hill,Lake Susan,NY,11929,Male,1998-08-10,Student
1859661,Susan,Abigail,Collins,7925,Matthew Manors,Shawnfurt,NY,14407,Female,2001-10-26,Student
1490992,Rebecca,Michele,Martinez,8313,Hampton Trail,Kellychester,CT,6184,Female,2005-12-26,Student
1738139,Lucas,Christopher,Anderson,1213,Snow Inlet,Patrickport,NJ,8164,Male,2006-04-03,Student
1780498,Jessica,Bethany,Anderson,1720,Marcus Turnpike,South Joanne,NJ,7408,Female,2003-05-04,Student
1497064,Stephanie,Angela,Robinson,4074,Daniels Brook,Tammyport,MA,1986,Female,1998-05-24,Student
1259543,Madison,Mary,Carr,9464,Gomez Rapid,Anthonytown,NJ,8483,Female,2001-09-07,Student
9045133,Michelle,Jane,Boyd,8260,Henderson Street,South Ericaland,NY,13952,Female,1957-12-21,Faculty
1471097,Matthew,Kevin,Cruz,6394,Jessica Ridges,North Johnchester,NY,11805,Male,2001-12-07,Student
1309782,Richard,Eric,Hayes,1517,Sanchez Brooks,Evansburgh,CT,6018,Male,2003-11-08,Student
1845073,Amanda,Sarah,Howell,8991,Michael Flat,South Jamesshire,NY,13734,Female,2006-05-06,Student
1815050,Ryan,Henry,Carter,1935,David Islands,Walkershire,MA,1485,Male,2006-09-19,Student
1994193,Erik,Kenneth,Young,8569,Alexandra Walk,Wallstad,TX,79956,Male,2002-11-17,Student
1928872,Jennifer,Laura,Taylor,2784,Jones Crescent,Vasquezborough,NY,13773,Female,1994-11-29,Student
9101003,Allison,Anna,Peterson,6934,Hernandez Crest,Port Frank,NY,14477,Female,1963-04-24,Faculty
1732043,Brandon,Timothy,Mccoy,4298,Sarah Way,Port Marcusfort,CA,94171,Male,2005-10-06,Student
1111133,Timothy,Joseph,Berg,6029,Richard Lodge,Jacksonview,NY,13120,Male,2002-12-10,Student
1424462,Justin,John,Smith,8661,Thomas Rest,Brownside,NJ,8964,Male,1997-11-11,Student
1777784,Mario,Chad,Henry,4970,Valerie Extension,Lisastad,TX,78105,Male,2007-06-02,Student
1196472,Peter,Ethan,Mclaughlin,5344,Sullivan Glen,Jenniferstad,OH,44558,Male,2002-01-14,Student
1808878,Luis,Victor,Patton,9570,Steven Square,Patrickfort,NJ,7367,Male,2002-08-01,Student
1022915,Vanessa,Kathy,Stein,7771,Johnston Parkway,Lynchfort,NJ,8514,Female,1994-10-30,Student
1789736,Jacob,Thomas,Brown,3353,Gibson Mission,Catherinemouth,NY,11519,Male,1998-08-10,Student
1820754,Richard,Gary,Valencia,9764,Peters Corner,Johnsonside,VA,24338,Male,2002-09-22,Student
1292731,Christian,Ryan,Vasquez,8860,Mary Station,Wheelerberg,NY,12068,Male,2006-08-25,Student
1846641,Jessica,Melissa,Hamilton,1997,Deanna Row,West Dylan,NY,14039,Female,2007-02-25,Student
1450322,Rhonda,Jennifer,Hill,1187,Katelyn Dam,Port Susanland,PA,17951,Female,2000-10-31,Student
1624748,Emily,Emily,Wright,7826,Ritter Square,Lisashire,NY,12942,Female,1995-11-05,Student
1819209,Traci,Natalie,Roman,5116,Jeffrey Club,Lake Cameron,MA,1170,Female,1997-02-27,Student
1890430,Brian,Cody,Howard,3414,Webb Gardens,Brownstad,NY,11661,Male,1998-06-18,Student
1060643,Joseph,Vincent,Ortiz,5500,Timothy Freeway,Bryantown,OH,44714,Male,1999-03-25,Student
1897009,Donna,Gina,Cole,6773,Molina Mountain,Port Tracy,PA,18381,Female,2005-04-29,Student
1455051,Emily,Michelle,Cruz,9847,Graham Coves,New Laurie,NY,11393,Female,2000-04-13,Student
9593419,Jill,Robin,Simpson,4849,Carolyn Brook,East David,NY,11462,Female,1980-12-03,Faculty
1146626,Donna,Renee,Rodriguez,2643,Beth Courts,Parkschester,CT,6240,Female,1997-08-26,Student
1160544,Megan,Sandra,Taylor,5816,Smith Landing,Lake Nancymouth,CT,6285,Female,2004-09-13,Student
1707771,Stephen,Benjamin,Thompson,1294,Joseph Curve,North John,NY,11591,Male,2002-02-19,Student
1309593,Isaac,Ryan,Williams,4442,Stephen Summit,Alexandriachester,NY,13781,Male,2004-11-11,Student
1664801,Walter,Bryan,Todd,6621,Smith Crossing,North Kevinstad,NY,14483,Male,1995-01-06,Student
1224443,Jack,Tyler,Ferguson,5940,Ashley Land,Gentryton,CT,6349,Male,2000-07-19,Student
1121790,Bernard,Jason,Buck,9561,Lee Stream,North Deannaburgh,NY,14009,Male,2001-02-20,Student
1658248,Louis,Jesse,Miller,2238,Jeanne Pike,North Justinfort,NY,13813,Male,1999-11-25,Student
1384625,Joseph,Robert,Tyler,2224,Dean Plains,Matthewmouth,NY,14784,Male,2000-12-11,Student
9708695,Jeremy,Michael,Garner,4219,Charles Rest,West Alexander,NY,14196,Male,1956-11-19,Faculty
1985939,Michael,James,Rowe,9038,Jesse Expressway,New Nicoleville,CA,96026,Male,2004-10-09,Student
1106919,Amy,Mary,Lewis,3118,Clarke Falls,North Erin,PA,15213,Female,1999-09-13,Student
1026876,Jonathan,Jeffrey,Stevens,6670,Gray Extensions,Paynemouth,NJ,7678,Male,1995-06-20,Student
1180647,Ricardo,Kevin,Johnson,6953,Parks Station,Thorntonville,NY,10690,Male,2006-01-17,Student
1603502,John,Joshua,Simmons,7030,Chelsey Shoals,Douglasview,TX,78214,Male,2003-06-23,Student
1257422,Roger,Austin,Hodge,7520,Brian Freeway,Port Holly,IL,61338,Male,2004-06-18,Student
1869772,Charles,Sean,Thomas,1985,Kurt Trafficway,Paulfurt,NJ,8726,Male,2000-05-16,Student
1017388,William,Brent,Tanner,9612,Harris Rapids,Deborahport,NY,10653,Male,1997-07-10,Student
1036264,Michael,Derek,Gordon,3459,Huang Square,West Kellyfort,NY,13923,Male,2001-05-29,Student
1116865,Bethany,Danielle,Glenn,7581,Andres Coves,Port James,MA,2368,Female,2007-04-01,Student
1163501,Alyssa,Brandy,Ford,4873,Lucas Ridge,Lake Kenneth,NY,11942,Female,2007-02-09,Student
1792083,John,Andrew,Ford,5654,Jacob Ways,Johnfurt,NY,11587,Male,2006-09-28,Student
1257026,Tyler,Justin,Campbell,8366,Tami Loaf,Hallton,NY,11972,Male,2003-07-27,Student
1648863,Ryan,Ryan,Young,2168,Buchanan Mission,Kevinmouth,NY,10092,Male,2006-10-16,Student
1238805,Aaron,Jimmy,Robinson,9940,May Estate,East Ashley,FL,33860,Male,1994-10-02,Student
1899406,James,Johnny,Liu,7836,Thomas Plain,Baileyburgh,NJ,8676,Male,2003-04-11,Student
1128905,Jamie,Rebecca,King,4711,Nicholas Alley,Ramosshire,NY,10636,Female,2001-10-09,Student
1283654,Sean,Jon,Williams,3952,Ryan Ports,Thompsonstad,NY,11911,Male,1999-09-17,Student
1358310,Shannon,Courtney,Mckee,8741,Cole Unions,Davisport,IL,60270,Female,2004-04-08,Student
1782610,Daniel,Scott,Wells,4069,Bolton Village,Jacobstad,OH,43904,Male,2004-02-07,Student
1307272,Cindy,Patricia,Sims,7684,Rogers Shoal,Castanedaville,NJ,7707,Female,1998-09-14,Student
1519465,Sylvia,Meghan,Brown,4505,Gabriel Motorway,Perezville,MA,2249,Female,2002-07-19,Student
1553069,Anita,Rebecca,Thompson,9010,Sarah Springs,Andrewtown,NY,11781,Female,1999-10-11,Student
1327039,Nicholas,Mark,Hurst,6440,Walker Lakes,Port John,NY,10718,Male,1995-11-09,Student
1594226,Laura,Melinda,Edwards,4884,Clark Drives,Baileyport,NY,11419,Female,2001-04-25,Student
1876447,Brian,Christopher,Coleman,9984,Smith Parks,Lake Bryan,NY,12179,Male,2005-01-22,Student
1874098,Christian,Dominic,Spencer,6091,Kenneth Ford,North Brianna,NY,12150,Male,2002-05-13,Student
1676433,John,Kevin,Miller,5639,Sean Spring,Gabrielstad,NY,11802,Male,1994-12-03,Student
1305113,Travis,Steven,Owens,6785,Ashley Rue,Alexanderfurt,MA,1289,Male,1999-03-23,Student
1817111,Carla,Amber,Evans,4125,Bailey Rapids,Ashleyton,FL,32591,Female,1998-04-08,Student
1542020,Danielle,Melissa,Thomas,7657,Garrett Junctions,Port Pamela,NY,14764,Female,1997-10-03,Student
1156813,Jerry,Derek,Rhodes,8044,Barnes Causeway,Martinhaven,CA,95446,Male,1997-04-13,Student
1736701,John,Alexander,Andersen,5151,Barry Avenue,Port James,NJ,7157,Male,1999-07-19,Student
1877177,Dennis,Christopher,Scott,8291,Smith Mountain,East Jacqueline,FL,34807,Male,1996-01-26,Student
1803003,Michael,Daniel,Vega,2127,Wendy Fort,New Wayneshire,NJ,8744,Male,1995-09-01,Student
1611437,Ashley,Jasmin,Patel,8920,Emma Way,New Timothy,MA,1593,Female,1998-01-21,Student
1551264,Katherine,Rhonda,Stout,4573,William Curve,South Christinafort,NY,10980,Female,2005-08-14,Student
1939215,Jamie,Jacqueline,Moore,3035,Michael Course,Lake Tylerberg,NY,14463,Female,1998-04-09,Student
9601635,Chris,Travis,Hutchinson,6775,Elizabeth Mountain,North Nathanmouth,NY,11881,Male,1953-03-11,Faculty
1959186,Anthony,Devin,Morris,1902,Rachel Estates,Camposshire,NY,13977,Male,2005-11-25,Student
1103076,Andrea,Lisa,Nguyen,5332,Diana Knolls,Port Rebecca,NJ,8057,Female,1995-05-29,Student
1106117,Kelli,Lindsey,Barrera,1378,Powell Inlet,New Nathan,PA,18151,Female,2004-06-12,Student
1944738,Elizabeth,Jacqueline,Wright,2842,Potts Camp,New Jason,NJ,8263,Female,2003-12-05,Student
1869195,Leah,Susan,Mora,4637,Sharon Circles,Thomasfurt,NY,11664,Female,2002-09-20,Student
1797431,Nicole,Mary,Nelson,7526,Wendy Pines,Port Hunterview,NY,13304,Female,1997-12-29,Student
1844224,Theresa,Katherine,Bishop,1615,Davis Ridge,Michelleberg,FL,33336,Female,1996-12-22,Student
1257339,Dustin,Eric,Nguyen,8100,Griffith Brooks,West Bruce,NY,12585,Male,2000-03-03,Student
1577840,Christopher,Patrick,Wilkinson,5875,Duarte Drives,Stephenhaven,CA,91682,Male,1997-09-20,Student
1375858,Lisa,April,Wheeler,9260,Jeremiah Trace,Jasonberg,NJ,8009,Female,2001-08-10,Student
1986632,Robin,Kathryn,Taylor,5450,Roberson Wall,Port Melissaview,MA,2262,Female,2000-06-23,Student
1213610,Kim,Catherine,Horton,7399,Donna Ports,Williamsview,NY,14311,Female,2004-12-26,Student
1244846,Kyle,John,Thompson,5905,Cheryl View,Lake Sandraview,CA,96136,Male,1999-01-29,Student
1906764,Brian,Henry,Mills,2781,Johnson Streets,Joannafurt,NJ,7486,Male,2001-06-15,Student
1274329,Lori,Joy,Hobbs,4689,Castillo Points,North Ashley,MA,2436,Female,2003-05-05,Student
9607194,Brian,Jonathan,Daniels,1518,Huffman Parkway,North Dorothy,NY,10752,Male,1989-02-27,Faculty
1528515,Jacqueline,Kimberly,Sparks,4754,Parrish Parkway,Lake Erictown,NY,13147,Female,2003-05-17,Student
1595215,William,Robert,Anderson,4207,Lauren Spur,Rodriguezhaven,NY,11591,Male,2007-04-07,Student
1333324,Sheila,Patricia,Hicks,8057,Aguirre Stream,West Jennifer,VA,23551,Female,2000-11-27,Student
1959071,Alexis,Cathy,Potts,5733,Makayla Causeway,Port Richardburgh,NY,13534,Female,1998-09-08,Student
9073819,Jennifer,Jamie,James,5084,Stacy Forest,Leahburgh,NY,10519,Female,1992-01-21,Faculty
1596573,Reginald,Frank,Robinson,3247,Lewis Coves,Cannonshire,NJ,8762,Male,2007-07-13,Student
1948817,Patrick,David,Collins,4697,Scott Mount,Molinachester,NJ,8018,Male,2006-03-16,Student
1226693,Erik,Aaron,Nguyen,8260,April Parks,Lake Sara,NY,14161,Male,2005-11-08,Student
1951378,Austin,Sean,Baker,1210,Leah Rest,Brettborough,TX,76233,Male,1995-02-02,Student
1376450,Cassandra,Ashlee,Mclaughlin,8758,Mccann Common,West Hollyview,MD,21574,Female,2000-10-12,Student
1930110,Elijah,David,Winters,7791,Perez Road,Lake Morgan,MA,1608,Male,2003-04-13,Student
1392382,Michael,Kevin,Ross,7190,Tanya Divide,Bryantbury,NY,13907,Male,1998-08-17,Student
1128216,Diamond,Catherine,Williams,7789,Romero Inlet,Allisonchester,MD,21395,Female,2006-06-20,Student
9604397,Julian,Wayne,Smith,3815,Troy Prairie,West Keith,NY,13297,Male,1988-11-05,Faculty
1402258,Keith,Michael,Rodriguez,8044,Berry Ferry,Thompsonland,FL,34573,Male,2004-01-23,Student
1452980,Candace,Angela,Sanders,9513,George Locks,West Bonnie,NJ,7936,Female,2001-03-27,Student
1242953,Edward,Michael,Diaz,2543,Bray Ford,Osbornchester,OH,44190,Male,2001-11-25,Student
1854510,Karen,Valerie,Whitaker,3173,Hannah Walks,Michaelhaven,NY,10757,Female,2005-04-17,Student
9597815,Kelsey,Jessica,Hebert,7992,Scott Highway,West Sarafurt,NY,10925,Female,1963-07-16,Faculty
1202651,Shannon,Kelsey,Hopkins,5019,Julie Common,Russellland,NY,11993,Female,2001-05-22,Student
1739193,Laura,Kelly,Lee,7791,Brown Road,East Jennifer,MA,2650,Female,1996-02-08,Student
9674930,Robert,Francisco,Rowe,6309,Morgan Trail,Kimfort,NY,11569,Male,1965-08-27,Faculty
1689023,Danielle,Brittany,Carter,2671,Salas Meadow,West Lisafort,MA,1876,Female,1997-04-17,Student
1961256,Kayla,Sheila,Hutchinson,9298,Darlene Overpass,New Patricia,NY,13401,Female,1995-04-08,Student
1826530,Lindsey,Dana,Bell,7267,Ann Roads,Robertberg,MA,1068,Female,2003-08-30,Student
1825250,Maria,Katrina,Green,1985,Jacob Walk,North Robert,NY,14120,Female,2007-09-18,Student
1658199,David,William,Murillo,3276,Forbes Pike,East Jeffreyborough,NY,13125,Male,1995-05-29,Student
1908412,Curtis,Christopher,Allen,2685,Taylor Forks,Shawnport,NJ,8785,Male,1997-07-26,Student
1754597,Brian,Paul,Turner,7676,Brianna Mall,Gentrybury,MD,21883,Male,1995-12-09,Student
1068079,Aaron,James,Rodriguez,3607,Ramirez Meadows,Michelletown,PA,18477,Male,2002-07-31,Student
1149134,Andrew,Kelly,Gilbert,5159,George Gardens,South Rick,NY,10434,Male,1995-02-19,Student
1205034,Gregg,Brett,Vincent,4733,Paul Cape,Port James,NY,11585,Male,1996-01-04,Student
1049697,Raymond,Shane,Riggs,2031,Davis Manors,North Bradleytown,CA,93345,Male,1995-09-07,Student
1895537,David,Christopher,Pearson,6827,Graves Viaduct,Tylerside,PA,17233,Male,2004-08-02,Student
1305884,Brittany,Kelly,Hamilton,2568,Jennifer Park,Troyfurt,NJ,7870,Female,2002-03-01,Student
1987917,Justin,Daniel,Brown,9265,Strickland Mills,South Susanberg,VA,22354,Male,1995-01-25,Student
1278436,Sheila,Sabrina,Rodgers,7458,Alexander Creek,Deckerville,PA,18717,Female,1998-11-11,Student
1135474,David,Scott,Thompson,5486,Johnson Locks,New Bruceland,NY,12727,Male,2001-05-01,Student
1330939,Lindsey,Katherine,Sanders,8864,Cochran Way,Ericaberg,NY,14046,Female,2002-09-11,Student
1572072,Billy,Joseph,Solomon,6769,David Estates,New Angelview,FL,34384,Male,1998-06-11,Student
1849427,Jacqueline,Bridget,Young,7093,Gregory Alley,Samuelbury,NY,13493,Female,1995-02-19,Student
1280875,Stacy,Kathleen,Montgomery,6616,Robert Ville,New Brandon,MA,1291,Female,2004-10-05,Student
1769144,Sophia,Alicia,Johnson,1887,Laura Inlet,North Alexander,CA,95203,Female,2001-10-08,Student
1872928,Patty,Jamie,Smith,8591,Roberto Trail,Edwardville,NY,11789,Female,1997-01-08,Student
9281995,Jared,Zachary,Yang,8521,Rebecca Alley,South Christina,NY,10668,Male,1956-07-14,Faculty
1524674,Douglas,Robert,Cole,3627,Salazar Club,Wilsonchester,NY,10190,Male,1995-02-17,Student
1430409,Lisa,Becky,Whitaker,7852,Beth Throughway,East Jillianstad,CT,6042,Female,2002-06-18,Student
1391471,Kelly,Jennifer,Adams,7755,Adams Wall,Russellfurt,TX,76439,Female,2000-11-22,Student
1224654,Pamela,Angela,Gray,8769,Martinez Mills,New Dominiqueton,NY,13478,Female,1997-09-05,Student
9778340,Crystal,Regina,Gonzalez,4918,Elizabeth Expressway,West Aaronhaven,NY,12130,Female,1967-11-11,Faculty
1285044,Scott,Anthony,Park,4286,Wilson Mall,Lake Paul,NY,12922,Male,2002-11-27,Student
1373987,Robert,Nicholas,Smith,2401,David Causeway,New Rogertown,NJ,8730,Male,2001-05-05,Student
1538200,Joseph,Brent,Martin,9558,Nelson Valleys,Gutierrezborough,NY,14470,Male,1996-02-28,Student
1999179,Margaret,Jennifer,Mcgee,3019,Estes Street,Port Jessica,NJ,8552,Female,2000-07-08,Student
9891716,Brandon,Jason,Gonzalez,3736,Sheri Shore,West Russellchester,NY,12409,Male,1991-05-28,Faculty
1488766,Derek,Jonathan,Tucker,4813,Shane Vista,North Amberside,PA,16773,Male,2000-08-10,Student
1320125,John,John,Roberts,3948,Booth Union,Mercerview,MD,21313,Male,2004-12-24,Student
1186409,James,Trevor,Williams,4207,Howard Street,Port Carrie,NY,14193,Male,1995-10-08,Student
1969907,John,Stephen,Raymond,3928,Richardson Camp,Williamchester,NY,12611,Male,1997-03-14,Student
1042230,Bradley,Sean,Erickson,8837,Young Locks,Westfort,NJ,8002,Male,2006-01-31,Student
1202662,Eric,William,Ross,8461,Jacqueline Mill,Nicoleview,PA,15146,Male,2005-05-24,Student
1069353,John,Charles,Scott,6503,Nelson Viaduct,Stefaniebury,NY,11055,Male,2007-06-23,Student
1472170,Matthew,Jose,Rodriguez,7330,Hanson Lodge,East Connorfort,MA,1499,Male,2000-02-16,Student
1828323,Kevin,Christopher,Mueller,2762,Day Cove,New Christinaville,CA,95123,Male,2000-07-20,Student
1648986,James,Michael,Higgins,2655,Hall Views,North Kimberly,NJ,8802,Male,1999-01-13,Student
1782076,Kevin,Dale,Velasquez,9458,Mcneil Ford,South Amymouth,CA,90661,Male,1996-10-12,Student
1820460,Daniel,Jeffrey,Barnes,9253,Knight Prairie,Lake Raytown,NY,13843,Male,2001-10-03,Student
1965996,Corey,Christian,Carter,2217,Theresa Station,East Heather,TX,78900,Male,1995-03-20,Student
9200041,Steven,Jason,Parker,3734,Christopher Mountain,Lake Stacy,NY,12178,Male,1996-01-30,Faculty
1139488,Laura,Erin,Tanner,6988,Roy Island,Harrisfort,NY,12415,Female,1999-07-09,Student
1353066,Lori,Kathleen,Hill,3980,Cole Overpass,Josephhaven,NY,12832,Female,2004-05-15,Student
1461546,Michael,David,Wright,9187,Long Garden,West Denise,NY,12330,Male,1998-04-13,Student
1724360,Benjamin,Thomas,Lopez,1850,Richardson Dam,Michaelchester,NJ,7566,Male,2007-06-04,Student
1212486,Phillip,Chase,Campbell,6501,Larry Cove,Lake Douglasborough,NY,11349,Male,1998-03-27,Student
1619487,Shane,Daniel,Watson,7305,Heather Burg,Zunigahaven,NJ,7072,Male,1998-12-19,Student
1090004,Kaitlin,Jennifer,Sanders,7868,Michael Squares,Jessicashire,NJ,7155,Female,1998-03-21,Student
1846582,Leah,Kelly,Boone,2952,Hunt Pine,West Heiditown,NJ,7192,Female,2007-05-02,Student
1657048,Joshua,David,Santiago,2280,Cole Ville,South Micheleshire,NY,13173,Male,1995-02-16,Student
1469715,Edward,John,Walker,3469,Rebekah Springs,North Keithstad,CA,93978,Male,1999-12-15,Student
1986993,Gregory,James,Oconnell,2323,Harris Greens,South Kyleberg,NY,12300,Male,2004-01-27,Student
1414063,Jessica,Michelle,Wagner,7108,Lee Stream,New Moniqueton,OH,45099,Female,2001-01-14,Student
1893424,Eric,John,Williams,5742,George Court,Joshuaview,NY,14163,Male,1995-01-26,Student
1363813,Jennifer,Kimberly,Cardenas,6636,Cooper Viaduct,Carpenterhaven,NY,14730,Female,1999-04-17,Student
9388857,Renee,Isabel,Wright,4757,Sara Vista,Gonzalezport,NY,13294,Female,1997-09-22,Faculty
1317380,John,Jordan,Guzman,4526,Stephanie Junction,Christopherburgh,FL,32521,Male,1997-06-10,Student
1308742,Ashley,Barbara,Medina,4264,Lucas Ferry,Christopherton,CT,6259,Female,2002-04-07,Student
1487386,Ernest,Peter,King,8488,Anita Turnpike,Lake Tracy,PA,16825,Male,1996-04-01,Student
1695766,Ashley,Tara,Sellers,9548,Coleman Orchard,Bruceborough,NY,11853,Female,1998-09-27,Student
1174463,Hayley,Brittany,Brown,3665,Pace Wells,New Heatherborough,CT,6263,Female,2000-11-30,Student
1904775,Sabrina,Desiree,Padilla,3329,Harris Lake,Port Peter,NY,11558,Female,2000-05-02,Student
1129935,Christopher,Christopher,Garcia,7437,Valencia Pine,South Tammyberg,MA,1960,Male,1998-06-25,Student
1583044,Jonathan,Charles,Lynch,2272,Dawn Village,Staceyfort,MD,21850,Male,2004-09-25,Student
1942568,Maria,Kathryn,Gonzalez,9226,Bush Harbor,Stanleymouth,NY,12374,Female,1996-01-06,Student
1955379,Stephanie,Monica,Gross,2158,Eddie Lock,Andreashire,NY,14587,Female,2001-01-20,Student
8037034,Heather,Amy,Kramer,7708,Nicolas Spurs,Lucasland,NY,13778,Female,1953-11-09,Staff
1535128,Carol,Amber,Scott,7880,Brianna Green,Port Jamieview,NJ,8221,Female,2000-03-11,Student
1721974,Dustin,Jerry,Floyd,7632,Norris Vista,West Johnville,OH,43884,Male,1998-02-22,Student
1890234,Abigail,Lisa,West,8417,Yvonne Mill,Smithtown,NJ,7170,Female,1997-09-04,Student
1431657,Lisa,Kimberly,Spencer,9543,Brianna Road,East Jenniferberg,NY,14084,Female,2004-07-18,Student
1424062,Haley,Christy,Jones,9993,John Row,Brandonshire,CT,6387,Female,1995-09-03,Student
1108449,Juan,Ronnie,Weaver,2495,Cynthia Port,Brandonton,VA,22580,Male,2001-09-13,Student
1899079,Ruben,Gabriel,Cobb,2737,Taylor Route,Port Garyport,NY,13742,Male,2003-04-03,Student
1101763,Kim,Kayla,Burns,7753,Kyle Harbors,Samanthaburgh,NY,12758,Female,2001-05-20,Student
1899961,Elizabeth,Jacqueline,Hill,6676,Ashley Drive,North Wanda,NY,11472,Female,2006-06-04,Student
1275036,Paula,Terri,Spears,1780,Melinda Harbor,Sarahland,NY,14857,Female,2001-07-26,Student
1331126,Isabella,Susan,Perkins,4714,Gary Garden,Sullivanside,NY,13381,Female,1998-02-10,Student
1861872,Michael,George,Vincent,1280,Sharon Summit,Doylemouth,NY,13762,Male,2004-04-10,Student
1087638,Jodi,Megan,Stevenson,1574,Travis Overpass,Colemouth,NJ,7637,Female,2000-10-01,Student
1505294,Robert,Eric,Carrillo,4015,Jacobson Square,Port Kelly,NY,14632,Male,1995-06-03,Student
1393614,Nichole,Marissa,Reese,8520,Woods Green,South Williamhaven,NY,12248,Female,2003-12-19,Student
1631477,David,Joseph,Castro,5794,Mcfarland Heights,Susanberg,NY,10038,Male,1996-02-23,Student
9298844,John,John,Owen,1564,Jeremy Knoll,Fisherfort,NY,14430,Male,1977-02-03,Faculty
1316231,Matthew,Michael,Fowler,7882,Zachary Radial,Ryanburgh,NY,13397,Male,1998-11-05,Student
1486911,George,Matthew,Clark,8176,Cortez Court,Samanthabury,NY,12261,Male,1999-09-04,Student
1735757,David,Keith,Taylor,4735,Ashley Trail,South Matthew,MD,21114,Male,2000-01-02,Student
1947850,Toni,Krista,Strong,5068,Taylor Creek,North Amanda,VA,24259,Female,1997-12-14,Student
1980136,Michael,Donald,Harris,4311,Steven Plaza,Cooleyville,MA,1248,Male,2004-12-06,Student
1188290,Julia,Victoria,Morales,7115,John Prairie,East Rodney,NY,14556,Female,1998-06-14,Student
1125327,Morgan,Kelly,Lopez,6433,Reese Corner,Bobbytown,NJ,8635,Female,1996-10-07,Student
1614099,Nicole,Brianna,Walker,9710,Norton Spurs,Troyview,NY,11456,Female,1996-10-11,Student
1418999,Kayla,Heather,Chung,2534,Williams Walk,Marvinfort,NY,11812,Female,1999-12-28,Student
1174693,Eric,Eric,Gillespie,1431,Darrell Hollow,Lake Joshua,CT,6329,Male,2002-11-26,Student
1736647,Anne,Lauren,Reed,3093,Melissa Ville,West Susan,PA,15561,Female,1998-04-01,Student
1287899,Tyler,Randy,Rice,2149,Scott Inlet,Ryanborough,OH,45239,Male,1998-06-21,Student
1801258,Steven,Frank,Ramos,9227,Roy Coves,South Aaronton,CT,6072,Male,2001-11-25,Student
1330224,Aaron,Seth,Collins,1765,Stewart Islands,Lake Kristin,MA,2512,Male,2005-05-29,Student
1590816,Kelsey,Amy,Wilson,4902,Smith Islands,North Courtney,OH,43768,Female,2007-02-20,Student
1367779,Denise,Gina,Young,4601,Deborah Mountains,New Elizabeth,NJ,8540,Female,2006-02-15,Student
1710479,Briana,Becky,Skinner,1162,Mccall Mountain,Munozborough,NY,10705,Female,1998-10-21,Student
1476763,Gregory,Jeffrey,Lyons,3924,Michael Shores,East Tammy,NY,13537,Male,1996-10-26,Student
1020954,Michael,Mark,Yoder,7216,Thompson Rapids,East Carolland,NJ,7741,Male,1998-11-14,Student
1506016,Brandon,Brian,Gomez,6812,Long Brooks,South Alexandraberg,NJ,7859,Male,2005-01-04,Student
1111285,Aaron,Billy,Oliver,1303,Shirley Hollow,Whiteshire,MD,21027,Male,2003-10-03,Student
1299110,Christine,Kara,Young,9632,Carter Estates,Fritzmouth,PA,15001,Female,2007-06-04,Student
1156514,Isabella,Carolyn,Rowe,7746,Emily Curve,New Patrick,CT,6046,Female,2001-01-06,Student
1832408,Alejandro,James,Riley,9087,Haley Glen,New Rachel,MD,20973,Male,1998-11-12,Student
1631521,Michael,Steven,Smith,6973,Williams Village,Port Brittany,VA,23741,Male,1998-04-05,Student
1873543,Sarah,Tracy,Rice,2541,Lisa Harbors,Ashleyhaven,NJ,8671,Female,2004-09-24,Student
1462382,Emily,Cheryl,Smith,7366,Katherine Trail,West Shawn,NY,10620,Female,2002-10-01,Student
1748185,David,Peter,Miranda,2326,Knapp Way,Josephhaven,CA,92752,Male,2004-12-11,Student
1924674,Karen,Ashley,Miller,6426,Hernandez Coves,Port Douglasburgh,NY,10641,Female,1996-07-01,Student
9397807,Christopher,Jeffrey,Hurley,4057,Tucker Ports,Rebeccahaven,NY,12681,Male,1987-03-10,Faculty
1292426,Joseph,Douglas,Hall,7442,Patricia Islands,South Codychester,MD,21928,Male,1999-04-02,Student
1447387,Heather,Lisa,Garza,1472,Jesse Burg,Berryfurt,VA,23141,Female,2007-04-17,Student
1144671,Adam,Greg,Leblanc,3324,Lopez Plaza,East Gregorymouth,NY,12444,Male,2006-03-07,Student
1622462,Sandra,Amy,Brown,2928,Golden Stream,Brentland,NJ,7501,Female,1997-08-28,Student
1340626,Michael,Larry,Collins,9228,Whitney Forge,West Nicholasbury,CT,6090,Male,1998-03-22,Student
1305736,Cheryl,Elizabeth,Lowery,9817,Hines Coves,New Rebecca,MD,21683,Female,1995-08-06,Student
1487040,Erin,Tara,Medina,9909,Baker Station,Karatown,IL,62009,Female,2000-04-30,Student
9261779,Louis,Andrew,Nichols,2494,Adrienne Run,Chrisland,NY,11053,Male,1961-06-05,Faculty
1835550,Charles,Louis,King,1884,Sanchez Drive,West Carolyn,NY,13459,Male,2003-08-28,Student
1679561,Katrina,Tiffany,Johnson,1771,Tracy Path,Hoffmanchester,CA,95369,Female,2006-08-25,Student
1562256,Kevin,Charles,Petersen,3667,Hunt Parks,New Robertfort,NY,12051,Male,1997-12-06,Student
1911705,Kristin,Catherine,Ramirez,6163,Alejandro Lane,Katiemouth,CA,90132,Female,1999-01-30,Student
1158751,William,Samuel,Smith,9742,Tapia Fall,Jordanview,PA,19001,Male,1995-04-01,Student
9328534,Adam,Travis,Salazar,1155,Woods Ridge,Coltonmouth,NY,14172,Male,1950-08-08,Faculty
1929878,Marie,Kimberly,Owens,7808,Kristine Forks,Lake Christina,NJ,8482,Female,1998-11-25,Student
1819406,Veronica,Christine,Martin,1977,Amanda Ridges,South Amymouth,MA,2649,Female,1999-07-11,Student
1144085,Brett,Michael,Willis,5170,Wilson Underpass,Shellyville,NY,10272,Male,2007-07-04,Student
1864488,Stephanie,Kristin,Camacho,5738,Thompson Center,Williamsmouth,NY,13110,Female,1998-11-21,Student
1174262,Elizabeth,Catherine,Santos,3772,Charles Ferry,Katherinechester,MA,2313,Female,2001-02-07,Student
1919575,Autumn,Lisa,Spencer,8619,Kerri Trail,Andreachester,NY,12599,Female,1997-07-07,Student
1904612,Brittany,Alexis,Duncan,5968,Smith Bridge,Port Sharonchester,NY,10476,Female,2001-08-13,Student
1240312,Molly,Leslie,Fisher,5326,Anthony Harbors,Brandichester,NY,12580,Female,2000-09-22,Student
1293232,Catherine,Brenda,Boyer,9897,Brooke Springs,Peterview,NY,10828,Female,2001-08-14,Student
1584733,Melissa,Erica,Williams,7433,Rachel Fork,Lake Jennifertown,NJ,8799,Female,1997-09-22,Student
1177525,Timothy,Daniel,Friedman,9233,Nicholas Plaza,South Mark,CT,6226,Male,1999-01-25,Student
1195193,Donald,Steven,Khan,5042,Joseph Radial,Mitchellfort,FL,32914,Male,2000-12-04,Student
1575802,James,Thomas,Stevens,5459,Williams Plaza,Lake Kimberly,NY,12014,Male,1995-06-22,Student
1533428,Rachel,Melinda,Griffith,1684,Kelly Lane,Spencerfurt,NY,12437,Female,2005-06-08,Student
1710580,Lucas,Ruben,Pope,5279,Rodriguez Views,Sarahton,IL,62713,Male,1998-02-17,Student
1046786,Kathleen,Patricia,Kennedy,2846,Anita Run,Jasonview,OH,44484,Female,1999-06-11,Student
1580173,Stephanie,Beverly,Harris,8833,Eric Point,Lake Selenahaven,IL,60391,Female,2002-10-14,Student
1479453,Antonio,Adam,Kennedy,2035,Elizabeth Mountains,East Tonya,OH,45636,Male,2000-12-11,Student
1028870,Judy,Kim,Nelson,5996,Campbell Burg,Davidshire,NJ,8578,Female,1996-01-24,Student
1215106,Erika,Margaret,Miller,4797,Velez Vista,Ambermouth,NY,13803,Female,2003-05-21,Student
1389063,Mark,Christopher,Mendoza,1497,Thomas Parkways,Stephensonport,NY,12099,Male,2005-06-09,Student
9573343,Nicholas,Ernest,Lester,9590,Hannah Crescent,New Kimberlytown,NY,10474,Male,1987-05-09,Faculty
1886772,Natasha,Emily,Gibson,2921,Rebecca Freeway,West Zacharystad,NJ,7527,Female,2001-08-01,Student
1519855,Jeffrey,Andrew,Cox,5304,Vanessa Tunnel,Austinshire,MA,1035,Male,2006-09-25,Student
1860678,John,Nicholas,Mcdaniel,5080,Patton Loaf,Thomasmouth,NY,12984,Male,1995-05-14,Student
1028619,Sarah,Ana,Johnston,9480,Hunter Center,Hudsonberg,NY,13956,Female,1995-09-12,Student
1910342,Jeffery,Caleb,Hines,4263,Phillip Isle,South John,NY,12599,Male,1995-10-03,Student
1671313,Jaclyn,Laura,Allison,2511,Susan Knolls,Tapiaview,NJ,8279,Female,2006-06-28,Student
1476020,Lindsey,Janice,Green,3727,Barr Streets,Biancafort,CT,6242,Female,1999-07-28,Student
1378345,Nina,Charlene,Webster,6945,Christian Plaza,Lake Benjamin,NY,14272,Female,2003-04-21,Student
1914200,Emily,Karen,Thomas,5955,Mary Prairie,Petersontown,VA,23589,Female,2005-07-13,Student
1439297,Richard,Alexander,Nash,4306,Audrey Pass,Adamschester,MA,1496,Male,2001-09-14,Student
1597364,Chad,Christopher,Stuart,7915,Ray Walk,Lake Catherineside,NY,11631,Male,2004-04-11,Student
1745120,Phillip,Joseph,Arias,3675,Jason Village,Krystalview,TX,78616,Male,2004-08-26,Student
1010690,Felicia,Tonya,Robinson,7602,Robertson Ford,Port Michael,IL,61660,Female,1997-05-20,Student
1647729,Holly,Kelly,White,9844,Michael Drives,Ruizmouth,CT,6011,Female,1997-06-28,Student
1152104,Ashley,Erika,Thomas,3373,Fox Mission,Franklinstad,CT,6344,Female,2002-09-15,Student
1293406,Stephanie,Karen,Pittman,6259,Marissa Flat,South Ashley,NY,13865,Female,2001-08-23,Student
1848153,Cassandra,Jean,Dunn,6511,Page Field,Lake Emilyside,VA,23412,Female,1994-10-12,Student
1984469,Amy,Desiree,Ortiz,7589,Ernest Knoll,Port Zacharyhaven,NY,14474,Female,2002-11-08,Student
9823723,Justin,Richard,Sloan,2783,Valdez Ford,Shermanville,NY,12500,Male,1964-12-03,Faculty
1573692,Aaron,Joseph,Case,6941,Conner Haven,North Nicholastown,CA,91594,Male,1998-01-10,Student
1548274,Richard,Bobby,Morris,3743,Swanson Groves,West Erika,NY,11529,Male,1998-02-07,Student
1216451,Steven,John,Turner,4002,Walker Hollow,West Travis,TX,77447,Male,2000-01-23,Student
1177222,Robert,Donald,Martinez,8688,Joseph Island,Port Tonistad,NJ,7270,Male,2002-12-02,Student
9041633,Linda,Nichole,Smith,2787,Sanders Road,West Melissa,NY,12515,Female,1987-04-07,Faculty
1163271,Steve,Austin,Pham,1147,Elizabeth View,Port Chelsea,NY,14190,Male,2002-12-24,Student
1637933,Sean,Robert,Mitchell,7634,Teresa Terrace,North Daniel,NJ,7471,Male,2002-12-16,Student
1051382,Michael,Kenneth,Mccormick,5456,Jerome Drives,South Xavierchester,NY,11537,Male,2000-04-25,Student
1993071,Philip,Kenneth,Smith,3825,Glass Fields,New Coreyhaven,NY,10319,Male,2001-04-23,Student
1647990,Kristen,Veronica,Benson,5476,Solomon Vista,South Justin,PA,18036,Female,2006-12-05,Student
1539887,Ryan,Ricky,Atkins,4798,Jason Trace,Williamport,NY,12117,Male,1998-12-21,Student
1267496,Kelsey,Angela,Carter,1485,Rivera Summit,Tammymouth,CT,6321,Female,1997-11-20,Student
1398838,Kristopher,Michael,Gillespie,7254,Joseph Shoals,Port Stevenborough,NY,10579,Male,2005-06-01,Student
1080994,Carol,Kara,Barton,3565,Wagner Glen,South Patriciaville,CT,6289,Female,2005-03-25,Student
1251516,Haley,Jasmine,Alexander,6555,James Fort,Lake Debraborough,MD,21139,Female,1999-02-06,Student
1290204,Courtney,Hannah,Campbell,4007,Brittany Forest,Millerchester,NJ,8323,Female,2001-08-20,Student
1019290,Wendy,Katie,Blankenship,9667,Phillips Coves,Port Joseph,NY,12993,Female,1997-06-24,Student
1406299,Tamara,Kelly,Juarez,8562,Brown Mountains,East Robert,MA,1844,Female,2002-06-21,Student
1673831,Jordan,Amanda,Ramsey,6626,Simon Extensions,Cunninghamton,NJ,7827,Female,1996-06-23,Student
1074656,Ian,Paul,Proctor,7279,Thomas Manor,Lake Christinatown,CT,6160,Male,2000-09-06,Student
1766791,Lauren,Amber,Villa,6726,Melissa Drive,Romeroshire,NJ,8325,Female,2002-07-24,Student
1655442,William,John,Smith,6610,Paula Creek,Williamstown,NY,11476,Male,2004-12-05,Student
1895555,Linda,Angel,Owen,5042,Burnett Field,Port Benjamin,MA,1275,Female,1998-06-29,Student
1289713,Sandra,Kathy,Nguyen,1298,Smith Turnpike,Lake Michelleburgh,PA,18379,Female,1995-02-26,Student
1773350,Patricia,Mckenzie,Taylor,1184,Anthony Fork,Davidshire,NY,13025,Female,2002-04-28,Student
1455157,Marc,Kevin,Young,9925,Knight Station,Rebeccaport,CT,6042,Male,1998-08-25,Student
1466216,Tina,Emily,Powell,7855,Evans Burg,Christopherborough,NY,14316,Female,2006-11-03,Student
1668453,Jennifer,Kimberly,Boyd,6379,Richard Springs,West Nicole,PA,19126,Female,2006-10-05,Student
1092539,Jasmine,Crystal,Lee,8138,Mcclure Loop,East Jennifershire,NJ,8305,Female,2006-01-22,Student
1882098,Thomas,Scott,Reed,3623,Ashley Springs,Caitlinchester,CA,92065,Male,1995-02-23,Student
1043451,Kyle,Andrew,Miller,5077,Munoz Place,North Jonathanbury,PA,19004,Male,2000-02-11,Student
1729689,Betty,Kayla,Ramirez,8456,Scott Run,Timothystad,CT,6171,Female,2005-03-13,Student
1433066,Gregory,Tony,Gomez,2745,Potter Mountain,New Candicefurt,NY,13099,Male,1998-05-26,Student
1411171,Leslie,Anita,Scott,5804,Monroe Corners,Rileyshire,CA,93775,Female,1997-01-12,Student
1327111,Tina,Christine,Davidson,8510,Jennifer Islands,Gilbertside,NY,12006,Female,1998-04-25,Student
1885197,Kyle,Andrew,Gray,9152,Janet Canyon,Zacharyhaven,IL,60698,Male,2002-01-24,Student
1947964,Benjamin,Jaime,Reyes,6761,Michael Freeway,Robertland,NY,12658,Male,2002-08-24,Student
1147726,Amanda,Jennifer,Pena,6579,Matthew Centers,Wilsonport,TX,78900,Female,2000-12-09,Student
1320892,Matthew,Darius,Banks,5618,Kevin Vista,Lake Williamhaven,VA,24549,Male,2006-08-12,Student
1520069,Anna,Lauren,Newman,9065,Elizabeth Hill,North Justinton,MA,1179,Female,2000-04-21,Student
1050366,Thomas,David,Miller,9429,Mccall Wells,Dayshire,VA,24121,Male,2006-07-11,Student
1992914,Edward,Joe,Jones,5209,Erica Walk,Philipville,IL,60829,Male,2005-09-09,Student
1024024,Mary,Ellen,Perez,8067,Sweeney Ramp,Port Brianaton,CA,95661,Female,1999-06-27,Student
1402477,Susan,Lori,Swanson,8018,Wright Trail,West Brianmouth,OH,43705,Female,1998-07-19,Student
1552227,Breanna,Kristen,Jones,5313,Jeffery Locks,Lindastad,NJ,7478,Female,1998-09-09,Student
1273154,Joseph,Raymond,Stephens,3673,Hernandez Mews,West Robertview,PA,16002,Male,1995-09-10,Student
1776734,Paul,Michael,Diaz,8223,Peterson Club,North Joshuamouth,NY,13777,Male,2004-02-21,Student
1488245,Nicholas,Kevin,Fletcher,5149,Diane Mount,West Alexanderville,NY,11042,Male,1994-10-02,Student
1731299,Sarah,Felicia,Gray,4205,Harrison Glens,North Virginialand,NY,10891,Female,2005-05-08,Student
1712225,Julie,Patricia,Carpenter,4746,Smith Keys,West Robertoside,PA,15911,Female,2003-10-08,Student
9605249,Hannah,Krystal,House,3514,Mata Point,Wilsonhaven,NY,12323,Female,1977-11-29,Faculty
1803640,Stephanie,Sarah,Gardner,4715,Smith Rest,Grantstad,CT,6233,Female,1999-03-29,Student
1428340,Katherine,Jessica,Gonzalez,7047,Wallace Turnpike,South Leahtown,NJ,7959,Female,2007-06-07,Student
1334237,Alexander,Chad,Harvey,8819,Tiffany Stream,Lopezport,NY,13316,Male,1995-06-20,Student
1238606,Nancy,Lauren,Gay,6828,Pamela Stream,North Petertown,FL,33890,Female,2001-06-17,Student
1903955,Sandra,Lauren,May,7335,Young Landing,Wandatown,NY,14172,Female,2000-02-05,Student
1979408,Garrett,Jesse,Hayes,5018,Micheal Trace,Carrietown,NY,13961,Male,1996-12-07,Student
1849100,Michelle,Karen,Martin,7005,Todd Fall,North Davidborough,NY,12961,Female,2006-03-31,Student
1261992,Christopher,Craig,Knight,9334,Andrew Plains,North Susan,NJ,7402,Male,2006-03-08,Student
1902691,Michael,Tyler,Burton,8203,Anne Stravenue,Evanshire,MA,1886,Male,2006-03-08,Student
1724788,Seth,Timothy,Cook,6750,Dustin Loaf,South Samantha,NJ,7648,Male,2004-04-19,Student
1930509,Heather,Theresa,Rogers,2604,James Turnpike,Jenniferport,MD,21460,Female,2004-11-13,Student
1455173,Denise,Kelly,Mendoza,5763,Carr Prairie,New Jacob,CT,6385,Female,2002-11-15,Student
1419574,Tommy,Steven,Morgan,1836,Barker Passage,Pamelafurt,NY,12975,Male,2002-03-18,Student
1528360,Kyle,Keith,Gibbs,5048,Lisa Parkway,Lake Mollyport,OH,45331,Male,1994-10-07,Student
1882335,Megan,Laura,Pineda,3861,Soto Expressway,East Victoria,NY,12883,Female,1996-06-19,Student
1394841,Theresa,Savannah,Freeman,8100,Daniel Fort,Lake Austin,NY,12580,Female,2003-02-20,Student
1645525,Crystal,Amy,Ross,1330,Amber Ranch,Robinton,FL,33187,Female,1996-05-20,Student
9109693,Christopher,Jordan,Cannon,6527,Walter Summit,Monicachester,NY,13875,Male,1965-10-12,Faculty
1114381,Amanda,Andrea,Barton,3133,Miller Common,Frenchfort,NY,14445,Female,1996-10-25,Student
1528331,John,Johnny,Oconnor,6686,Vance Lane,Joshuamouth,NY,10133,Male,2001-12-30,Student
1317174,Brandon,Timothy,Jenkins,9863,Andrew Point,Port Jamie,NY,12081,Male,2003-12-10,Student
1483316,Matthew,Marc,Turner,5611,Blanchard Summit,North Eric,NJ,8730,Male,2002-05-04,Student
1781393,Leah,Annette,Robbins,4722,Jones Route,East Melissa,CT,6088,Female,2001-12-14,Student
1051941,Donald,Benjamin,Rosales,5272,Robert Pass,West Brettmouth,NY,13407,Male,1998-01-30,Student
1041710,Dustin,Jose,Burton,5747,Dorsey Cliff,Onealville,OH,45290,Male,2005-11-04,Student
1760068,Teresa,Nancy,Zuniga,4007,Gill Meadow,Hoodstad,NJ,8546,Female,1999-02-21,Student
1052144,Joe,Keith,Gutierrez,8873,Johnson Haven,North Elizabethstad,NY,10834,Male,1998-01-26,Student
1020203,Deborah,Rhonda,Davis,8314,Abbott Extensions,Santosville,CA,95617,Female,1997-10-26,Student
1626126,Lucas,Daniel,Little,9317,Benjamin Junctions,North Molly,MA,1292,Male,2000-09-13,Student
1921654,Katelyn,Tanya,Miles,9987,Smith Crest,South Katelyn,CT,6335,Female,2007-07-22,Student
1575272,Karen,Stacy,Faulkner,4746,Abigail Dam,Port Dennisfurt,NY,12229,Female,2002-11-28,Student
1439366,Nicole,Norma,Holder,7635,Matthew Plains,Lake Christopherton,MA,1803,Female,2004-06-04,Student
1616877,Adam,Edward,Walker,1117,Karen Ports,Merritthaven,NY,12997,Male,2004-09-07,Student
1680727,Anthony,Kyle,Ortiz,2884,Smith Forks,Justinfort,OH,44504,Male,2002-10-04,Student
1363310,Wanda,Heather,Lewis,6249,Dawn Trail,Jenkinsmouth,CA,93473,Female,2007-03-07,Student
1335580,Troy,Timothy,Compton,3206,Brenda View,Marystad,NY,14366,Male,1996-04-21,Student
1152305,Samuel,Jack,Mcdaniel,8443,Justin Manor,North Ryan,MD,20907,Male,2005-04-01,Student
1477670,Michael,Michael,Nelson,5943,Trujillo Throughway,West Danielle,NY,13053,Male,1999-12-24,Student
1466495,Hannah,Carol,Dunlap,8269,Hunter Fall,East Kirsten,MA,1453,Female,1997-12-23,Student
1065596,Sarah,Lisa,Mcmahon,4439,Khan Summit,South Brittanychester,MA,2689,Female,2003-03-17,Student
1971486,Mary,Amanda,Vaughan,1580,Young Turnpike,East Anthony,NJ,8962,Female,1999-05-01,Student
9604806,Dustin,Charles,Flores,8793,Smith Stravenue,Aprilborough,NY,11075,Male,1962-12-04,Faculty
1317194,Michael,Anthony,Ayala,4862,Christine Alley,Port Jesse,NY,13679,Male,1995-09-22,Student
1709303,Thomas,Ryan,Parker,9882,Richard Mission,East Codyborough,MA,2597,Male,1996-02-05,Student
1115557,Micheal,Stephen,West,1700,John Knoll,North Andreaport,CT,6368,Male,1998-03-11,Student
1748476,Judy,Amanda,Kelly,8850,Thomas Unions,New Nancy,FL,33840,Female,1995-01-06,Student
1195106,James,Joseph,Nguyen,4985,Lopez Hills,Cherylberg,NY,13587,Male,1998-03-13,Student
1373184,Jeremy,Anthony,Edwards,8920,Eric Stravenue,Tamaraport,MA,2116,Male,1997-12-24,Student
1342667,Andrea,Megan,Williams,9778,Jacob Shores,Cynthiaberg,FL,33413,Female,2002-01-09,Student
1071415,William,Ronald,Rivers,7047,Jackson Mission,Rodriguezfurt,FL,33774,Male,2001-01-28,Student
1523884,Eric,Justin,Gonzalez,6726,Gonzales River,Sextonport,MA,1604,Male,1996-05-07,Student
1687562,Melissa,Katherine,Horton,8148,Knight Spur,East Brittany,NY,11763,Female,2006-03-27,Student
8927163,Richard,Gregory,Smith,3270,Jonathan View,Neilton,NY,13694,Male,1990-09-17,Staff
1149876,Shirley,Natalie,Curry,6076,Tammy Stravenue,Curtisville,NY,13581,Female,1999-09-07,Student
1739607,Anita,Tanya,Avery,7333,Wilson Rue,Davidshire,CA,93118,Female,2002-03-22,Student
1307498,Jeffrey,Stephen,Jenkins,8134,Jessica Track,Allisonport,OH,43629,Male,2005-07-14,Student
1633477,Laura,Danielle,Smith,5645,Samuel Haven,Smithfurt,NY,14431,Female,2005-09-06,Student
1407861,Joshua,Dustin,Stevens,2696,Johnson Ridges,South Ernestport,OH,43734,Male,1996-06-14,Student
1038614,Lawrence,Brian,Harmon,9378,Nguyen Via,South Timothyville,NY,13030,Male,2004-01-15,Student
1987086,Zachary,Jesse,King,2684,Paul Green,Martinezfurt,NJ,7222,Male,2005-03-13,Student
1754505,Mary,Courtney,Hines,5312,King Haven,Port Philipfurt,CA,92771,Female,1999-11-23,Student
1644671,Ashley,Karen,Wood,6396,Hardy Ridge,New Theresa,CA,95532,Female,2000-04-12,Student
1544081,Catherine,Angela,Church,4370,Mitchell Road,Robinland,NJ,8772,Female,1995-10-29,Student
1195579,Jennifer,Chelsea,Conner,3424,Carrie Inlet,Lake Mirandamouth,VA,24208,Female,2004-12-31,Student
1316048,Sara,Lorraine,Rowe,3115,Stephens Key,South Cynthia,NJ,8663,Female,2005-12-02,Student
1753603,Mark,Stephen,Chen,4081,Garcia Trace,South Paulstad,PA,15185,Male,2001-11-10,Student
1619983,Rodney,Lee,Lopez,8668,Wade View,Timothyton,NY,13741,Male,1997-12-04,Student
1265526,Fernando,Justin,Peterson,4856,Tracy Squares,New Alexberg,OH,45506,Male,2000-04-05,Student
1807621,James,Michael,Jones,2302,James Groves,South Codyside,NY,14109,Male,2005-08-03,Student
9102102,Emily,Jean,Davidson,7756,Joshua Stream,Michaelburgh,NY,13293,Female,1952-02-02,Faculty
1708409,Denise,Cheryl,Simmons,3094,Lopez Curve,North Jessica,NJ,8576,Female,2007-08-29,Student
1238837,Kimberly,Jennifer,Lopez,3598,Michele Bypass,New Katherinehaven,NJ,8504,Female,1998-01-22,Student
1463843,Nathan,Ryan,Fischer,4961,Gibson Creek,Lauraport,NY,12017,Male,2005-05-08,Student
1940918,Derek,Michael,Ryan,7945,House Mountain,Port Nicolas,CA,95914,Male,2001-04-20,Student
1092204,Ann,Kimberly,Moreno,6010,Kelly Lakes,East Zachary,NY,11237,Female,2003-11-21,Student
1204076,Angela,Alexa,Fuller,8146,William Summit,Gomezhaven,OH,44749,Female,1995-07-01,Student
1298814,Samuel,Larry,Flores,6226,Savannah Coves,Torresburgh,NJ,7698,Male,1995-01-28,Student
1209686,Daniel,Aaron,Burke,8781,Mitchell Oval,Millerbury,VA,22545,Male,2007-02-17,Student
1489380,Jared,Richard,Arnold,5711,Wilson Rue,Port Jessicafurt,NJ,7665,Male,1997-05-02,Student
1484235,Tara,Andrea,James,6863,Castro Gardens,Port Markstad,TX,77233,Female,1999-07-29,Student
1871724,Katherine,Maria,Taylor,6650,Chen Corner,West Kevin,VA,24074,Female,1999-08-09,Student
1478062,Sharon,Ann,Davis,4009,Dunlap Forest,New Sarahfurt,IL,60903,Female,2006-03-03,Student
1995576,Samuel,Brendan,Kelley,1973,Carey Plain,Marymouth,MA,1834,Male,2006-07-22,Student
1148107,Bryan,Zachary,Zavala,8795,Jones Road,Port Dylanchester,MA,1838,Male,2001-09-09,Student
1009976,Frederick,Jason,Nguyen,7523,Jordan Island,Montoyashire,IL,60730,Male,2005-11-13,Student
1206945,Jacqueline,Sophia,Owens,2575,William Ridges,Brianburgh,MA,1384,Female,2002-06-27,Student
1527576,Alexander,Donald,Howe,4874,James Trace,Martinezfort,FL,33593,Male,2001-11-24,Student
9108893,Alexandra,Patricia,Levine,1313,David Land,Rogerview,NY,10738,Female,1979-10-22,Faculty
1410609,Catherine,Melissa,Hayes,8026,Anderson Crossing,New Rachelborough,NY,14563,Female,2003-03-19,Student
1925761,Tiffany,Susan,Parker,8783,Denise Canyon,Heathertown,CT,6189,Female,2001-04-26,Student
1769743,Dawn,Erika,Cox,5455,Robert Drive,New Darren,FL,32156,Female,1997-10-13,Student
1526196,Benjamin,Adam,James,5284,Adam Roads,New Tyler,NY,14525,Male,2006-07-26,Student
1737514,Mackenzie,Danielle,Cooke,3854,Kayla Club,South Brandonmouth,NJ,7526,Female,2001-01-29,Student
1474066,Justin,Victor,Mathis,8908,Mcintosh Walk,North Tina,NY,13158,Male,1999-08-22,Student
1858875,Jessica,Dana,Hall,4023,Rebecca Mount,Keithchester,NY,11708,Female,2004-05-22,Student
1460673,Casey,Mason,Davis,9370,Adam Pass,Matthewburgh,NY,11325,Male,1999-10-04,Student
1952855,Elizabeth,Heidi,Kirby,7195,Tara Curve,Katherineland,NJ,8123,Female,1999-05-27,Student
1552760,Maria,Laurie,Clark,2492,Austin Courts,Jonathanport,NY,11128,Female,2006-02-21,Student
1126462,Heather,Cindy,Dixon,1135,Harris Drives,Justinshire,NY,12215,Female,2005-04-24,Student
1772908,Elizabeth,Jessica,Harvey,3258,Mark Plaza,New Katherinetown,NY,10111,Female,2003-09-19,Student
1765461,Shawn,David,Rodriguez,2693,Richard Meadow,East Jonathan,MA,2472,Male,2006-12-12,Student
1411089,Daniel,Joseph,Schneider,3789,Hill Harbors,Lake Samanthachester,NY,12801,Male,2007-09-23,Student
1457495,Robert,Robert,Collins,6311,Schmidt Prairie,Brendaside,NY,12296,Male,2003-03-10,Student
1295268,Daniel,Daniel,Adams,8039,Robles Ferry,Jasonview,NY,11750,Male,1997-01-20,Student
1336647,Lisa,Sara,Gonzalez,8673,Maurice Stream,Lanetown,NJ,8653,Female,2005-09-16,Student
9137434,Amy,Melissa,Pennington,2472,Mitchell Forks,South Whitney,NY,14751,Female,1967-10-08,Faculty
9642004,Jacqueline,Jennifer,Hurst,8623,Jason Lakes,Kellyhaven,NY,11918,Female,1976-03-21,Faculty
1388004,Stephanie,Angela,Webb,9105,Ortiz Centers,New Tylermouth,NY,14575,Female,2003-05-15,Student
1166520,Jonathon,Bruce,Caldwell,6968,Mack Route,East Kathleenland,NY,11919,Male,1996-02-11,Student
1062685,Timothy,Andrew,Cook,6043,Jones Burgs,Theresaville,CT,6306,Male,1998-01-11,Student
1120543,Kenneth,Richard,Glover,9808,Annette Fort,Masonside,NY,10599,Male,2001-10-02,Student
1106379,Alexander,Michael,Dennis,8316,Eddie Inlet,South Lisa,NY,11214,Male,2000-11-17,Student
1323469,Mary,Melinda,Hughes,9410,Lang Squares,Lake Kimberly,NY,13196,Female,2003-08-04,Student
1617008,Destiny,Jessica,Martinez,6062,Everett Path,Bairdmouth,OH,45862,Female,1995-07-30,Student
1469040,Nicholas,Austin,Rogers,5873,Martinez Trafficway,Lake Staciehaven,NY,13889,Male,1995-10-09,Student
1904172,Emily,Adrienne,Russell,7747,Brown Roads,Murphyborough,NY,12442,Female,1999-05-01,Student
1325901,Alyssa,Jennifer,Mcgrath,5917,Walter Lake,South Michaelshire,NY,14521,Female,2007-04-16,Student
1148883,Mandy,Wendy,House,8785,Tim Turnpike,Lake Charles,CT,6313,Female,2007-07-19,Student
1478961,Carlos,Jason,Barber,7291,Romero Rest,South Chadton,PA,15787,Male,1995-06-11,Student
1625195,Amanda,Catherine,Henderson,1920,Joseph Groves,Randallburgh,MA,2332,Female,1997-02-11,Student
9571267,Sandra,Elizabeth,Lee,7103,Lamb Extensions,Ericamouth,NY,10920,Female,1981-11-07,Faculty
9298108,Walter,Adam,Gonzalez,2555,Stein Junction,Port Nathaniel,NY,11380,Male,1976-07-19,Faculty
1840748,James,Sean,Wallace,8619,Christopher Ports,Prattmouth,NY,14750,Male,1996-08-08,Student
1211049,John,Samuel,Odom,9184,White Way,Scotthaven,FL,33672,Male,2007-07-07,Student
1115258,Cody,Donald,Smith,1707,Gray Land,New Michael,NY,12677,Male,1995-08-28,Student
1545659,Mark,Anthony,Peterson,2282,Vance Lakes,Bradleystad,PA,15018,Male,2000-10-05,Student
1125076,Sheila,Suzanne,Perez,9160,Crystal Stravenue,East Kelly,IL,61747,Female,1997-04-22,Student
1849855,Angela,Jennifer,Scott,8748,Michelle Circles,Garciaside,MA,1441,Female,2001-03-01,Student
9730942,Amanda,Annette,King,4599,Hensley Bypass,Fullerberg,NY,13366,Female,1968-12-17,Faculty
1094988,Ryan,William,Tucker,2316,Hall River,West Sarah,NY,11549,Male,2001-05-19,Student
1117816,Angel,Brenda,Golden,8989,Patricia Turnpike,South Richard,OH,45054,Female,1998-06-12,Student
1036533,Luke,Jimmy,Allen,6160,Brenda Spring,Jesusmouth,NY,10463,Male,1997-02-04,Student
1761941,Richard,Michael,Stephens,7750,Paul Terrace,Avilaport,NY,10551,Male,2001-12-07,Student
1243703,Robert,Darrell,Silva,3216,Russell Parkway,New Elizabeth,TX,79889,Male,1995-03-14,Student
1449060,Kimberly,Eileen,Day,3509,Stacy Port,Deborahmouth,CT,6253,Female,1996-03-31,Student
1139731,Hannah,Pamela,Gomez,1336,Duffy Turnpike,Lewisfurt,TX,79294,Female,2005-12-26,Student
1898529,Connie,Susan,Taylor,3081,Thompson Walk,Washingtonborough,FL,34306,Female,2001-11-22,Student
1549726,Maria,Katelyn,Williams,5971,Patrick Path,East Sarah,FL,32248,Female,1996-04-13,Student
1570416,Amanda,Jennifer,Gonzalez,8092,Harris Walk,Ellisburgh,VA,23845,Female,2000-11-19,Student
1031371,Anthony,Justin,Collins,8317,Russell Burg,South Nicholas,NY,12647,Male,2006-03-24,Student
1291082,Brandon,Walter,Hunter,4966,Aaron Vista,Port Emily,NY,14105,Male,2007-07-14,Student
1907224,Erika,Carol,Shea,3833,Turner Valley,Lake Alexandria,NY,11277,Female,2004-07-30,Student
1193984,Amy,Taylor,Humphrey,8596,David Forest,Lake Brenda,FL,33141,Female,2007-09-08,Student
1883679,Rebecca,Maria,Kaiser,5128,Wendy Throughway,Toddport,VA,23719,Female,2001-02-28,Student
1708129,Mary,Sara,Carpenter,7679,Jesse Forks,South Brookeside,NY,12217,Female,2004-06-19,Student
1401963,Jon,Jason,Smith,9435,Avery Points,South Stephanie,NY,14443,Male,2005-10-23,Student
1939197,Teresa,Nicole,Brown,7634,Jason Ridge,Cabreramouth,NY,14028,Female,2001-01-06,Student
1244129,Debra,Taylor,Perry,5976,Charles Trace,East Parkermouth,NY,13254,Female,1996-09-13,Student
1288422,Kevin,Louis,Dennis,7800,Mcdowell Fort,Leonhaven,NY,12944,Male,1998-05-07,Student
9964668,Elizabeth,Denise,Davis,2314,Julie Islands,Andrewtown,NY,11639,Female,1965-03-05,Faculty
1914144,Jamie,Whitney,Oliver,7873,Mary Port,New Ashleymouth,NY,10754,Female,1994-11-28,Student
9778180,Stephanie,Karen,Warner,7567,Weeks Row,Connieshire,NY,12331,Female,1968-09-27,Faculty
1854775,Todd,Gabriel,Ward,8275,Renee Springs,South Maureenburgh,PA,16097,Male,2001-08-31,Student
1518060,Melissa,Rebecca,Walter,3871,Travis Via,North Aarontown,IL,61625,Female,2002-12-23,Student
1799492,Nathan,Mark,Moore,8549,Harris Locks,East Kathleen,NY,10650,Male,2007-03-25,Student
1718397,Thomas,Aaron,Ford,1674,Lori Plain,Rachelhaven,PA,16720,Male,2007-08-20,Student
1417651,Joseph,John,Booth,4317,Jay Divide,North Brittanyland,NY,10906,Male,2005-11-22,Student
1545415,Jodi,Sheila,Cruz,9612,Palmer Stream,North Jeffreyville,CT,6220,Female,1995-11-22,Student
1122325,David,Andrew,Davis,3912,Catherine Square,Donaldstad,TX,76519,Male,2000-06-28,Student
1177816,Mark,Joshua,Martinez,4909,Walter Island,Thorntonland,MA,1182,Male,1999-11-23,Student
1883117,David,Zachary,Valdez,8694,Courtney Forest,Walterstad,NY,12687,Male,2004-01-27,Student
1487732,Matthew,Jesse,Martin,9166,Michelle Turnpike,Greenfurt,CT,6288,Male,2004-10-11,Student
1863481,Michael,Mark,Parsons,5568,Foster Shoals,Port Dave,TX,76409,Male,2005-09-20,Student
1814912,Wanda,Hannah,Mcfarland,2819,Cervantes Common,Josephburgh,NJ,8593,Female,2007-06-05,Student
1597303,Kristen,Tiffany,Lewis,4933,Mora Extensions,Barbaramouth,CT,6066,Female,2002-10-02,Student
1653426,Brian,Jonathon,Garcia,2189,Ellis Mountains,Shellyburgh,IL,60440,Male,2000-09-03,Student
1882510,Douglas,William,Evans,5753,Juarez Spurs,Patrickmouth,NJ,7997,Male,2006-08-19,Student
1620776,Austin,Albert,Price,7086,Jeffrey Lake,Lake Travis,NY,14552,Male,1999-02-13,Student
1254898,Lisa,Jessica,Jackson,2579,Jennifer Square,New Jasonmouth,NY,13136,Female,1996-12-07,Student
1796134,Melissa,Joann,Ward,5633,Smith Mission,Howardport,MA,1656,Female,1998-12-29,Student
1923947,Jonathan,Christopher,Guerrero,5891,Yu Ramp,Olsenton,NY,13821,Male,1997-03-30,Student
1751304,Mary,Casey,Dodson,9538,Lowery Road,North Deborah,IL,60201,Female,1999-06-08,Student
1486929,Patrick,Jared,Hardy,3675,Victor Dale,Potterton,NY,14877,Male,2000-11-01,Student
1512862,William,Kevin,Williams,6899,Hutchinson Streets,Port Jamesmouth,VA,22068,Male,1999-07-29,Student
1248138,Katelyn,Jennifer,Martin,5446,Ryan Spring,Virginiafort,MA,1639,Female,2002-04-11,Student
1072916,Eddie,Alexander,Jackson,5021,Tammy Fords,Rhondaton,TX,78636,Male,1999-11-11,Student
1929946,Susan,Michelle,Hughes,8219,Jackson Village,Nicholastown,NY,14818,Female,1997-09-29,Student
1583797,Jason,Dillon,Berry,8393,Pamela Course,Deanstad,NY,10396,Male,1995-07-12,Student
1351898,Erin,Michelle,Burns,6113,Tracy Village,West Rodneyhaven,NY,14352,Female,2006-02-18,Student
1472286,Mark,Joseph,Anderson,7370,Haas Fall,Blairborough,MA,1133,Male,1996-01-19,Student
1079356,Theresa,Chloe,Taylor,2805,Eric River,New Brandon,TX,79319,Female,2002-07-09,Student
1938753,Megan,Becky,Mckee,4716,Howell Landing,New Sharon,NY,12478,Female,1999-06-07,Student
1374832,Jacob,Taylor,Crawford,9427,Maria Landing,Ibarraberg,FL,33763,Male,2001-08-01,Student
1485759,Sydney,Christine,Sanchez,9739,Alvarez Walk,Beckermouth,CA,95634,Female,2004-05-14,Student
1614113,Janice,Jennifer,Williams,5979,Jones Bridge,Hayesview,IL,61424,Female,2005-09-13,Student
1971871,Edward,Curtis,Lara,6695,Dennis Bypass,Michellehaven,NY,11721,Male,2001-01-23,Student
1041918,Mark,Carl,Kennedy,6443,Mendez Parks,Johnchester,NY,10060,Male,2003-04-01,Student
1193897,Terry,Andrew,Williams,8430,John Well,New Ryanview,NJ,7566,Male,2005-01-06,Student
1582600,Vanessa,Jessica,Rangel,3743,Johnson Mission,Williamsfurt,CT,6379,Female,1999-04-17,Student
1021289,Michael,Jack,Carter,9588,Ortiz Mountain,Gonzalezfurt,NY,10457,Male,2005-09-13,Student
1446211,Todd,Michael,Dixon,5978,Kennedy Course,Greerfurt,PA,17848,Male,1995-05-03,Student
1358910,Jacob,Peter,Sandoval,3357,Clark Pines,Staceyfort,CT,6352,Male,2006-01-21,Student
1903017,Gregory,Eric,Villarreal,9834,David Turnpike,Kingshire,NY,14056,Male,2006-11-17,Student
1504595,William,Douglas,Oneill,9875,Jordan Heights,Joseport,MA,2098,Male,2004-03-08,Student
1545576,Rodney,David,Barrett,8926,Sanders Crossing,New Gregory,FL,34197,Male,2001-04-01,Student
1616173,Daniel,William,Perkins,5704,Rodriguez Squares,West Steven,MA,1294,Male,2003-11-10,Student
1596667,Ethan,Stephen,Burns,7973,Anne Ramp,South Jeffreyport,NY,10906,Male,1996-05-12,Student
1706466,Anthony,Harold,Hansen,9249,Ryan River,East Carlosport,NJ,7614,Male,2002-08-31,Student
1247636,Nicholas,Matthew,Calderon,8383,Brianna Fords,Danielsshire,NY,13586,Male,2007-09-16,Student
1377662,Jason,Joseph,Allen,5001,Lane Manor,Port Dylanport,NY,11238,Male,1996-03-23,Student
1749179,Madison,Jenny,Adams,2434,Amber Manor,Simpsonhaven,NY,11067,Female,2003-02-07,Student
1111345,Mary,Sarah,West,7630,Torres Dale,West James,PA,15035,Female,2004-11-25,Student
1451936,Crystal,Michelle,Johnson,5508,Dennis Cape,East Anita,NY,14715,Female,2006-04-29,Student
1380062,Brittany,Elizabeth,Scott,2017,Phillips Brooks,Jenniferview,IL,60416,Female,1994-10-12,Student
1408691,Ann,Carly,Hernandez,2803,Taylor Roads,East Kevin,MD,21142,Female,2007-07-08,Student
1288491,Michael,Ricky,King,5123,Chad Corners,South Bryan,NY,11590,Male,2006-12-06,Student
1452977,Gregory,Thomas,Hinton,5583,Douglas Track,East Justinbury,NJ,7710,Male,2004-11-14,Student
1729874,Diane,Deborah,Reid,9654,Wilson Passage,South Amystad,FL,33961,Female,1999-07-12,Student
1259790,Ashley,Melanie,Francis,6864,Kim Parkway,Tylerfurt,NY,10325,Female,1996-08-23,Student
1251160,Alex,Brandon,Larson,6091,Hines Bridge,Alexanderchester,NY,14570,Male,2001-05-11,Student
1237655,Dennis,Jeffery,Baker,4040,Barry Ranch,Collinsmouth,NJ,8241,Male,1996-07-30,Student
1301125,Charles,Logan,Robertson,3539,Abigail Island,Smithburgh,MD,21134,Male,2004-04-09,Student
1887895,Travis,Jason,Nelson,7842,Good Islands,Hallhaven,NJ,8059,Male,2003-03-31,Student
9359670,Michelle,Lisa,Watson,7723,Farley Pine,Holdenmouth,NY,14437,Female,1994-02-06,Faculty
1921888,Marc,David,Richardson,8902,Barnes Mews,Warrenshire,NY,13676,Male,2005-06-26,Student
1498475,Amanda,Jane,Anderson,6323,Linda Tunnel,New Michele,NY,10595,Female,2003-01-17,Student
1215177,Denise,Lisa,Mata,7268,Melissa Station,Robertfurt,FL,32823,Female,2001-04-16,Student
1166142,Erika,Amanda,Davis,4852,Michael Plains,North Kayleehaven,NY,10163,Female,2002-08-31,Student
1721808,Barry,Anthony,Martinez,3235,Lori Square,Nathanhaven,NY,11261,Male,2001-08-04,Student
1476368,Cynthia,Melissa,Cook,5775,Anita Underpass,Lake Pamelaton,TX,76188,Female,1995-11-02,Student
1713915,Kevin,Mark,Lamb,8855,Joyce Wells,East Stevenland,NY,14232,Male,2003-11-29,Student
1686145,Omar,Gary,White,8995,Rebecca Village,Seanfort,NY,10001,Male,1995-05-27,Student
1849798,Alexandra,Lindsey,Baldwin,1294,Mcdaniel Vista,Castillotown,NY,10624,Female,1997-05-26,Student
1547544,Marc,Steve,Larson,5637,Stephanie Square,Tranburgh,MD,21705,Male,2002-09-12,Student
1965972,Alyssa,Melissa,Brooks,2282,Tate Corner,Nicolehaven,NY,14016,Female,2006-12-16,Student
1956582,Kaitlyn,Christina,Lowery,2780,Erin Corner,Lake Abigailmouth,CT,6107,Female,2007-02-09,Student
1033010,Benjamin,Christopher,Collins,9346,David Way,Williamhaven,CT,6048,Male,1998-06-03,Student
1279999,Grant,James,Sanford,7969,Gary Throughway,Jonathanborough,VA,23121,Male,2002-10-21,Student
1853792,Steven,Kevin,Morrison,4943,Anderson Trail,South Shirley,NY,11402,Male,2006-04-16,Student
1891491,Nicole,Cheyenne,Patel,8091,Garcia Street,South William,MA,1002,Female,2004-09-14,Student
1083716,Philip,Tyler,Jones,8288,Baldwin Lights,Lake Colton,IL,60593,Male,2000-08-19,Student
1116612,Misty,Kelly,Cordova,5270,Valencia Ville,West Rebeccatown,CT,6308,Female,2004-10-06,Student
1982327,Tony,Michael,Lyons,2327,Mark Inlet,South Sandraberg,NY,12377,Male,2000-09-14,Student
1545612,Stephanie,Tabitha,Herman,4583,Melissa Isle,South Nicholas,OH,45606,Female,2002-05-14,Student
9981939,Robert,Steve,Sanchez,9070,Susan Springs,Popehaven,NY,14118,Male,1966-06-21,Faculty
1137520,Gary,Timothy,Stafford,7328,Lucero Parkway,Rogersfort,NY,12349,Male,2002-03-03,Student
1088993,Hayley,Brenda,Brown,2891,Chan Port,Rodriguezshire,CT,6263,Female,2004-04-04,Student
1363749,Derek,Andrew,Brown,6342,Victor Island,South Stephanie,NY,12580,Male,2001-02-04,Student
1150143,Amanda,Stephanie,Welch,2590,Boyer Turnpike,West Andrewborough,FL,32673,Female,2000-07-20,Student
1774843,Sherry,Shannon,Newman,6915,Perry Forges,Port Lynnland,CA,91416,Female,2003-06-28,Student
1802459,Stephanie,Emily,Gross,1113,Morales Locks,Matthewchester,MA,2255,Female,2006-05-26,Student
1276673,Amy,Brittany,Paul,4303,Jon Pines,Lake Susan,NY,13630,Female,2004-03-12,Student
9426997,Paul,Justin,Clay,8488,Trujillo Rapids,East Michaelfurt,NY,11600,Male,1974-07-19,Faculty
1549478,Marc,Isaac,Hanson,8984,Laura Track,Port Gregchester,NY,13936,Male,1997-11-06,Student
1550870,Randall,Matthew,Cole,9044,Spencer Creek,Lake Charlotteborough,NJ,8733,Male,2001-08-09,Student
1397716,Michelle,Ashley,Mitchell,1426,Schaefer Stravenue,Lake Amanda,NY,13465,Female,1996-10-07,Student
9055774,Gwendolyn,Marie,Smith,5621,Walters Inlet,East Brianland,NY,10213,Female,1993-11-10,Faculty
1151830,Matthew,Nicholas,Miller,7354,Martin Valleys,Lake Shannon,NY,11371,Male,1999-02-06,Student
1760456,Eric,Daniel,Jones,9908,Gonzalez Throughway,Taylorport,NY,14047,Male,2000-06-16,Student
1668772,Colleen,Jessica,Williams,6437,Alyssa Crossroad,South Kristin,NJ,8530,Female,1997-03-24,Student
1292050,Jackie,Eileen,Hoffman,1261,Jennifer Union,Cartermouth,CT,6113,Female,2005-06-13,Student
1154743,Diane,Michele,Warner,3320,Curry Gateway,New Erikahaven,PA,19498,Female,2006-04-10,Student
1049300,Susan,Anna,Hernandez,6588,Ellen Fords,Reneetown,MA,1650,Female,2006-02-07,Student
1999681,Stephen,Matthew,King,2815,Wilson Points,Port Ashleyton,FL,33397,Male,1997-07-01,Student
1760726,Melissa,Kara,Roach,4750,Wilson Freeway,Mejiafurt,NJ,7295,Female,1996-07-20,Student
1222819,Micheal,Joshua,Bond,3465,Kayla Island,Lake Melindaland,MA,2076,Male,2005-03-15,Student
1704350,Brian,Dakota,Johnson,6814,Beth Vista,New Stephen,NY,12974,Male,2006-10-28,Student
1919524,Michelle,Tamara,Smith,4274,Amber Lane,North Paulville,NJ,7041,Female,2006-08-04,Student
1161584,Theresa,Tamara,Wise,2518,Maldonado Glen,West Benjamin,NY,11509,Female,2001-08-12,Student
1630391,Christopher,Kyle,Pena,2471,Stanley Trail,Port Maryshire,NY,13105,Male,1996-10-07,Student
1702337,Amanda,Gabriella,Smith,3219,Chavez Walks,Ethanport,CT,6073,Female,2006-07-08,Student
1717223,Andrew,Richard,Wagner,6435,Gibson Lane,Ryanbury,MD,21843,Male,2001-09-18,Student
1761014,Sharon,Tanya,Sexton,9658,Jeff Road,West Erica,TX,78456,Female,1995-04-27,Student
1854506,Jessica,Jamie,Warner,4512,Lori Plain,Pinedaview,NY,12592,Female,1996-02-20,Student
1902519,Melanie,Stacy,Hart,6583,Jenna Club,Spencertown,NY,12404,Female,1998-04-11,Student
1703538,Cameron,Gabriel,Shannon,9989,Robert Forks,New Jason,PA,15491,Male,2005-09-19,Student
1148543,Erin,Cynthia,Simpson,6517,Dale Views,Danielview,NY,14489,Female,2006-12-01,Student
7289025,Jessica,Melissa,Williams,8488,Austin Road,New Amandaville,NY,10385,Female,1981-01-10,Admin
1770175,Latoya,Erin,Silva,1980,Barrera Knoll,Port Steventon,CA,92485,Female,2003-01-14,Student
1590772,Alan,Christopher,Jones,6524,Greene Vista,Paigeborough,MA,1450,Male,1995-06-26,Student
1093964,Gary,Connor,Lawson,4722,Parker Courts,West John,MD,21851,Male,2006-01-15,Student
1975419,Shawn,Eric,Hernandez,7280,Perez Lakes,Lake Joseph,NY,12484,Male,2002-04-28,Student
1583170,Matthew,James,Phelps,2992,King Mountain,New Daniel,NY,10516,Male,1995-03-09,Student
1960763,Larry,Stephen,Lopez,8865,Ramos Knolls,East Kellyview,VA,22094,Male,1998-03-19,Student
1508829,Eric,Paul,Mayer,7261,Martin Plaza,East Christophermouth,MA,2562,Male,1995-07-24,Student
1886285,David,Brian,Freeman,4391,Dunn Shores,New Staceyburgh,MA,2649,Male,1999-08-28,Student
1832452,Karen,Katherine,Robertson,2851,Mann Ridge,South Alejandro,MA,2038,Female,2006-07-22,Student
1023697,Francis,Jeremy,Sanchez,2775,Joshua Summit,Port Kelseyton,NY,14541,Male,1996-12-01,Student
1190934,Ashley,Karen,Moore,6912,Kenneth Pines,Jonesville,NY,12996,Female,1996-02-27,Student
1711695,Lindsay,Sheryl,Robinson,2747,Lopez Parkway,Brownton,TX,79728,Female,1997-09-08,Student
1349324,Nicholas,Willie,Guerrero,8277,Johnson Avenue,West Pamelaview,MD,20877,Male,2007-09-20,Student
1442324,Christine,Cindy,Martinez,2626,Wade Alley,Johnsonchester,TX,79229,Female,2007-01-30,Student
1606745,Elizabeth,Kimberly,Howard,4168,Andrew Drive,New David,NY,11867,Female,2006-08-20,Student
9019272,Vincent,Daniel,Henderson,1190,Diana Branch,Karenmouth,NY,14504,Male,1994-11-12,Faculty
1975676,Shawn,Lawrence,Valdez,3432,Farmer Inlet,South Joel,MA,1892,Male,1999-04-12,Student
9089886,Michael,Edward,Travis,6624,Jacob Terrace,Greermouth,NY,13342,Male,1980-03-23,Faculty
1283975,Katherine,Bianca,Wade,8202,Johnson Forks,South Lindastad,NY,14766,Female,2006-12-31,Student
1712420,Jaclyn,Megan,Nicholson,5034,West Drives,Benjaminview,NY,11173,Female,1997-08-29,Student
1126887,William,Brian,Howell,9545,Erin Spring,South Billview,CT,6138,Male,1995-11-21,Student
1946508,Michael,Patrick,Hall,5730,Davidson Cliff,North Dennisview,CT,6304,Male,1996-05-17,Student
1791521,Steven,Scott,Nicholson,8101,Deborah Vista,Lake Mary,NJ,8399,Male,2005-01-05,Student
1775901,Jennifer,Jamie,Estrada,5882,Maxwell Square,South Amy,CA,95013,Female,2006-07-02,Student
9331428,Tara,Brandy,Pratt,1936,Robinson Well,North Dannyborough,NY,11629,Female,1983-07-28,Faculty
1159684,Christopher,Victor,Taylor,3479,Delgado Groves,Kennethport,IL,61990,Male,2004-05-17,Student
1281896,Brenda,Laura,Johnson,2091,Tina Corner,East Gloriaberg,NY,10066,Female,2007-02-09,Student
1319523,Emily,Michele,Young,7966,Johnny Mount,North Stephanieborough,NY,13564,Female,1997-12-13,Student
1984757,Kevin,Jack,Ruiz,5372,Andrew Hollow,Stephanieborough,NY,12919,Male,2007-08-31,Student
1108780,Kathryn,Jacqueline,Mckay,2350,Javier Walks,Jamesview,NY,12711,Female,1995-08-01,Student
1705620,Arthur,William,Murray,6171,Jesse Route,South James,TX,77703,Male,1999-06-15,Student
1593990,William,Donald,Perry,5075,Rachel Loop,Fleminghaven,MA,2097,Male,2004-09-09,Student
1531841,Amanda,Anna,Brown,5946,Lewis Cliffs,South Rodneyborough,NJ,7831,Female,2004-07-16,Student
1402950,Barbara,Donna,Klein,4702,Sandoval Brooks,North Robert,NY,14817,Female,1997-06-04,Student
1378532,Susan,Elizabeth,Hutchinson,9081,Mark Lights,Darrenmouth,NJ,7971,Female,2001-08-21,Student
1117282,Richard,Brent,Collier,4526,Brian Burg,South Natalie,NY,13611,Male,2002-10-26,Student
9752445,Jim,Nicholas,Grimes,2658,Diane Fords,Marshallland,NY,14715,Male,1954-02-28,Faculty
1396901,Jeff,Robert,Pineda,8428,Avery Corners,Hernandezmouth,NY,13340,Male,2002-11-24,Student
1726581,Jennifer,Amber,Knight,6742,Thomas View,Cindyhaven,PA,18141,Female,1999-10-25,Student
1499848,Kimberly,Amy,Lowe,1707,Jeffrey Cape,Christophershire,NY,11617,Female,2007-09-11,Student
1457216,David,Joseph,Jimenez,3426,Bradley Stream,Shahchester,CT,6162,Male,1997-04-24,Student
1864892,Cory,Tyler,Ramirez,4254,James Fords,West Jacobbury,VA,22197,Male,1995-05-01,Student
9713071,John,Nicholas,Shannon,3216,Sylvia Heights,North Crystal,NY,14438,Male,1956-12-28,Faculty
1886760,Joshua,Seth,Cline,2813,Robert Village,East Kelly,NY,14207,Male,2000-12-13,Student
1161268,John,Jason,Wilson,2446,Laura Centers,Rebeccaview,NY,11587,Male,2005-05-12,Student
1550459,Molly,Lisa,Young,7589,Santana Branch,North Tracy,MA,2269,Female,2003-04-11,Student
1452225,Elizabeth,Deborah,West,6908,Evans Spur,East Stacie,NY,13212,Female,2003-09-29,Student
1778826,Kristie,Cynthia,Ball,8641,Johnson Knolls,Taylormouth,OH,43100,Female,2003-06-13,Student
1125446,Mary,Sue,Mitchell,5628,Tucker Light,South Josephport,NY,14075,Female,2001-02-19,Student
1068166,Cynthia,Jessica,Lozano,5973,Jonathan Forge,Devinhaven,PA,18469,Female,2006-06-09,Student
1442217,Terry,Robert,Sullivan,4130,Hernandez Harbor,New Jonathanberg,NY,10243,Male,2001-10-15,Student
1164107,Kayla,Deborah,Byrd,6798,Monroe Shoal,Port Laceyberg,NY,12196,Female,1996-09-16,Student
1904323,Katelyn,Haley,Martinez,3245,Kim Locks,Richardsonside,MA,1011,Female,2004-03-15,Student
1188728,Roy,Bryan,Fox,8785,Zachary Key,New Dana,NY,14358,Male,1996-01-13,Student
1353141,Bobby,Eugene,Johnson,8876,Joshua Walk,Chenview,IL,60869,Male,2007-04-13,Student
9629705,Jeffrey,Eric,Morris,4545,Collins Pine,Port Charlesshire,NY,13601,Male,1959-04-04,Faculty
1411789,Paula,Kristina,Branch,2420,John Vista,Lake Tiffany,FL,34215,Female,2006-05-21,Student
1122725,Warren,Christian,Rodriguez,6086,Marilyn Cape,Nicoleside,NY,11426,Male,2000-01-03,Student
1426449,Joseph,Rodney,Miller,5279,Jordan Row,Vickieville,NY,10307,Male,1998-07-07,Student
1626101,Michael,John,Ponce,6827,Victoria Green,South Richard,MA,2477,Male,1998-03-09,Student
1702161,Raymond,Albert,King,1950,Brittney Rue,South Josephshire,NY,11977,Male,2000-06-07,Student
1306695,Brandon,Aaron,Bird,6671,Bradshaw Lane,Jenkinsbury,NY,12144,Male,1998-10-10,Student
1009428,Suzanne,Erin,Schwartz,8795,David Tunnel,Webbmouth,MA,1095,Female,2007-02-02,Student
1496386,Nicole,Pamela,Bailey,1463,Ortega View,Morganshire,MD,21208,Female,1996-09-11,Student
1835651,William,Kyle,Ramirez,3717,Jeffrey Ridge,Sotofurt,PA,17514,Male,1998-02-06,Student
1936298,Chad,Charles,Brown,2672,Sullivan Island,Tuckerchester,OH,44137,Male,1997-06-19,Student
1207756,Bryan,Shane,Cochran,7237,Shaun Mews,South Joshua,OH,43703,Male,2000-08-16,Student
1440136,Megan,Michelle,Downs,9794,Esparza Place,Masonshire,CT,6082,Female,2004-04-11,Student
1802642,Matthew,Javier,Welch,3014,Hurst Dale,South Brandon,CA,90796,Male,2000-04-14,Student
1356031,Joshua,Joshua,Long,6254,Michelle Gardens,Lake Scottfurt,NY,11466,Male,1998-08-21,Student
1794782,Michael,Charles,Morris,6111,Michelle Skyway,Castroside,NJ,7007,Male,2005-12-15,Student
1378336,Cameron,Christopher,Young,5306,Douglas Mount,Tylerhaven,NY,13272,Male,2000-12-22,Student
1119463,Krista,Crystal,Schaefer,1438,Barbara Pass,Brendaburgh,NJ,7339,Female,2006-03-13,Student
1506238,Maria,Jennifer,Washington,1837,Bradley Vista,Conleyville,IL,60660,Female,2005-10-27,Student
1968967,Erica,Meghan,Martinez,7834,Leslie Manor,Lake Lisa,NY,14749,Female,1996-11-07,Student
1174930,Brittany,Morgan,Guerrero,2183,Brown Plaza,Deckerfort,NY,11277,Female,2006-06-06,Student
1870583,Rachel,Angela,Dixon,3799,Daniel Forest,Port Kimberly,NY,11872,Female,2003-04-28,Student
1789264,Susan,Melinda,Morgan,5031,Jason Run,North Zacharyside,NY,10994,Female,1999-01-22,Student
1059563,Kevin,Charles,Gallagher,7955,Hall Land,Lake Stephen,NY,14418,Male,2002-03-01,Student
1609366,Sarah,Alexandra,Smith,6159,Jennifer Drive,Changchester,CT,6189,Female,2006-01-21,Student
1903827,Sabrina,Christine,Shannon,7757,Jennifer Parkway,Tammyborough,NY,11148,Female,1999-05-16,Student
1521073,April,Jillian,Smith,6971,Veronica Shoals,Lake Nicolehaven,CT,6172,Female,2003-07-29,Student
1842962,Christopher,Scott,Houston,5147,Alyssa Forks,New Kellytown,MA,2466,Male,1997-07-30,Student
9510835,Martin,Timothy,Hardin,3184,Cooper Knolls,East Jasminefurt,NY,11418,Male,1964-12-20,Faculty
1166801,Lisa,Brandi,Velazquez,7228,Spencer Cove,East Brandon,NY,10621,Female,2003-03-16,Student
1361205,Timothy,Kevin,Fleming,5015,Kimberly Cape,Christinabury,NY,14488,Male,1999-03-27,Student
1264140,Jodi,Lisa,Sullivan,4060,Trevor Fields,Smithview,NY,10340,Female,2001-04-27,Student
1497220,David,Alexander,Adams,6947,Shelly Canyon,South Heatherstad,NY,12592,Male,2002-01-24,Student
1308178,James,Sean,Reid,6479,Bethany Courts,Jaredville,NY,10090,Male,2004-03-04,Student
1319560,Destiny,Tracy,Rojas,1593,Sheila Creek,Ramirezmouth,NY,13994,Female,2005-12-31,Student
1187582,Daniel,David,Harris,4591,Marquez Fall,Rossfort,VA,24023,Male,1996-09-28,Student
1435808,Benjamin,Troy,Tran,6487,Brandon Springs,East Edward,NY,10344,Male,1995-02-26,Student
1630920,John,Alan,Wilson,9651,Harris Land,Charleneland,IL,62465,Male,2002-09-13,Student
1204970,Richard,Tyler,Campbell,9345,Nguyen Court,East Johnburgh,NY,14514,Male,2001-06-04,Student
1008485,Mathew,Dalton,Schaefer,4308,Philip Drives,Ashleyside,IL,62335,Male,1999-06-04,Student
1301625,Catherine,Jennifer,Walter,2465,Garcia Field,Anthonyview,NY,12544,Female,2004-01-19,Student
1525711,Carrie,Bailey,Peters,5293,Larry Square,South Brianton,PA,17943,Female,2001-11-02,Student
1117235,Kevin,Sean,Beltran,3450,Whitney Falls,Port Amandachester,VA,23458,Male,1998-07-13,Student
1135835,Anna,Julia,Williams,1933,Morris Hills,Lake Troymouth,TX,78057,Female,1999-02-02,Student
1455201,Austin,Shawn,Higgins,4611,Thompson Square,East Luis,PA,17312,Male,2004-01-29,Student
1354469,Julia,Kaitlin,Smith,3631,Gonzalez Ville,Stewartville,CT,6247,Female,1997-06-24,Student
1895678,Jacqueline,Erica,Gibson,1444,Davis Forest,East Mikeland,NJ,8651,Female,1999-02-09,Student
1283591,Kevin,James,Crawford,4973,Elizabeth Flats,New Katherine,VA,22869,Male,1996-09-29,Student
1861834,Michael,David,Spencer,1996,Pearson Throughway,Port Michael,CA,95387,Male,1997-02-25,Student
1926112,Erin,Mallory,Scott,2934,Mcclain Crescent,Michaeltown,NY,11992,Female,2006-04-05,Student
1865378,Patrick,Donald,Lee,4710,Shaw Drive,Port Aprilfort,NJ,8625,Male,1998-10-04,Student
1141578,Jaclyn,Paula,Harvey,1236,Osborne Isle,Patriciabury,MA,1993,Female,2007-07-18,Student
1585199,Tracy,Olivia,Johnson,3028,Price Lights,Shannonland,NY,10920,Female,1996-02-24,Student
1994107,Mary,Nicole,Ortiz,8548,Walker Keys,Amberburgh,MA,1810,Female,2005-01-30,Student
1928978,Evelyn,Alicia,Lutz,8410,Anna Forest,Seanchester,PA,15243,Female,1995-05-05,Student
1015654,Richard,David,Kim,6531,Rebecca Circles,Port Steve,NY,12415,Male,1996-01-07,Student
1806492,Jeremiah,Andrew,Mueller,7624,Meadows Tunnel,Crystalland,CT,6049,Male,1998-04-14,Student
1589979,Natasha,Deborah,Fisher,8551,Snyder Lock,Deleonfurt,NY,10278,Female,2005-06-17,Student
1658799,Angelica,Lisa,Mitchell,5236,Petty Causeway,Patrickfurt,VA,22976,Female,1997-01-24,Student
1189305,Michael,Dennis,Hensley,6559,Marshall Tunnel,North Alexanderville,OH,44575,Male,2003-10-08,Student
1305521,Scott,Tyler,Shelton,3773,Sandoval Drive,East Shawn,NY,10214,Male,2002-07-24,Student
1035140,Kaitlin,Melissa,Moore,3106,Rowe Harbors,West Robertbury,NY,13846,Female,2002-04-22,Student
1595993,Beverly,Michelle,Matthews,8022,Walters Skyway,Parsonsmouth,MD,20835,Female,1998-01-15,Student
1320075,Heather,Alyssa,Sanders,3839,Ryan Mall,North Rebekah,FL,32344,Female,1997-04-10,Student
1625679,Melissa,Sharon,Haynes,7437,Sanders Court,South Mariastad,CT,6131,Female,1997-06-02,Student
1031431,Nicholas,Dylan,Mcguire,3880,Jeffrey Flat,Lake Angelafort,MA,1209,Male,2004-12-02,Student
1390225,Alejandro,Phillip,Moreno,5921,Boyd Islands,Lake Wanda,NJ,8245,Male,2003-02-10,Student
1458882,Erin,Crystal,Warren,5681,Robbins Land,Alexanderstad,NY,13133,Female,2004-07-11,Student
1225666,Sergio,Jon,Ramsey,9269,Eric Junctions,West Kathy,NY,11066,Male,1997-01-11,Student
1507754,Thomas,Matthew,Rhodes,7847,Brian Radial,East Robert,NJ,8787,Male,1997-03-15,Student
1301240,Gerald,Timothy,Weaver,9298,John Falls,Michealtown,CT,6196,Male,1995-01-05,Student
1323147,Diana,Kathy,Leonard,3306,Brenda Common,Gonzalezfurt,MA,2210,Female,2004-02-05,Student
1123053,Kimberly,Sara,Williams,7009,Michael Forges,New Dianaburgh,CT,6146,Female,2003-09-29,Student
1156860,Dominic,Kenneth,Cooper,9182,Hanna Circles,North Connieside,FL,34020,Male,1995-05-16,Student
1158861,Brandi,Peggy,Rodriguez,6681,Weber Freeway,Port Scott,NY,13930,Female,1997-08-31,Student
1433114,Ian,Aaron,Hurst,7692,Riggs Trail,Adrianview,NJ,7242,Male,2000-12-13,Student
1536240,Jacob,Matthew,Campbell,9175,Randy Mountains,North Robert,NJ,8804,Male,1994-12-19,Student
1032485,John,Jacob,Lynch,5187,Joyce Tunnel,West Frank,NY,11521,Male,1997-09-17,Student
9968611,David,Ryan,Jackson,3264,Harris Path,East Kathrynbury,NY,14327,Male,1989-08-10,Faculty
1372825,Lucas,Daniel,Moore,7464,Mullen Mountains,Brockton,NJ,8046,Male,2000-05-04,Student
9279794,Jason,Shawn,Anderson,5677,Jose Islands,New Andrewton,NY,11832,Male,1992-06-15,Faculty
1473847,Kristen,Beth,Allen,1789,Howard Streets,Port Mark,FL,33288,Female,1995-06-06,Student
1900872,Toni,Kristen,Smith,4580,Kevin Dam,Lake Shawn,NY,10720,Female,2000-06-19,Student
9562418,Mario,Alex,Briggs,2152,Evans Inlet,Stevenport,NY,12622,Male,1986-11-24,Faculty
1986122,Calvin,Austin,Walker,2807,Amanda Springs,South Andreaside,CA,93097,Male,1997-12-07,Student
1787775,Tracie,Katherine,Johnson,8938,Kimberly Lakes,North Robyn,IL,61891,Female,1998-08-11,Student
1938991,Alyssa,Vanessa,Dean,6075,Michael Loaf,Monicastad,VA,23824,Female,2006-06-08,Student
1094876,David,John,Tucker,5996,Osborne Ways,Port Christopher,IL,61214,Male,2005-02-07,Student
1911796,Scott,Joseph,Green,5987,Warren Landing,Seanfort,NY,13015,Male,2004-06-09,Student
1731272,Michael,Louis,Shaw,3327,Young Villages,South Garrettmouth,NY,10231,Male,2007-04-09,Student
1137325,Andrea,Melanie,Hebert,7360,Collins Gardens,Richardfort,NJ,7829,Female,1995-12-14,Student
1620970,Jason,James,Henderson,8565,Huffman Views,Amandamouth,NY,13768,Male,2001-11-28,Student
1424745,Michelle,Veronica,Humphrey,4235,Linda Ferry,Johnchester,NY,11363,Female,1996-08-05,Student
9706260,Sonya,Jean,Patterson,1602,Brenda Shore,Evansshire,NY,10711,Female,1959-10-22,Faculty
1220815,Gabriel,Shane,Rojas,3443,Brandon Coves,Port Jasmine,TX,77331,Male,2007-05-28,Student
1191136,Jillian,Jessica,Smith,9951,Walters Alley,Morganview,NY,12408,Female,2004-03-15,Student
1723176,Patrick,Gregory,Marshall,2509,Richardson Alley,Judithshire,NY,10803,Male,1996-04-22,Student
1731707,Gregory,Thomas,Phillips,6013,Jorge Corners,South Sharon,NY,12412,Male,1995-02-20,Student
1530160,Derek,Stephen,Henry,8558,Torres Land,Lauraview,NY,11350,Male,1998-07-12,Student
1240652,John,Ryan,Jones,2618,Morris Squares,Waltersport,NY,10641,Male,1997-03-10,Student
1088324,Hannah,Jennifer,Miller,9963,Matthew Inlet,Lake Scott,CA,95937,Female,1995-01-16,Student
1808891,Tracy,Jacqueline,Bailey,4755,Nathan Rapid,Gordonton,NY,11689,Female,1998-05-03,Student
1203838,Aaron,Gregory,Mcbride,8720,Jones Shoals,Lake Adamchester,NY,12297,Male,1998-08-14,Student
1746234,Edward,Matthew,Gonzales,2541,Schmitt Walk,East Juliechester,NJ,7965,Male,1997-04-03,Student
9984558,Sheila,Kathleen,Leonard,9622,Kelly Islands,Dillonfurt,NY,12390,Female,1954-11-18,Faculty
1705698,Brandon,Kevin,Long,3826,Horn Mountains,Elizabethberg,NJ,7600,Male,2003-02-23,Student
1366378,Allison,Nicole,White,7306,Walters Light,Rhondaborough,NY,10303,Female,1995-10-30,Student
1728811,Kim,Amy,Nguyen,3798,Dakota Center,Port Matthewton,CT,6150,Female,1995-09-07,Student
1103079,Jasmine,Victoria,Velazquez,4575,Richardson Fall,Port Cody,IL,62629,Female,2003-04-24,Student
1047153,Shaun,Philip,Brown,5127,Lee Street,South Ronald,NJ,7507,Male,2006-08-31,Student
9516667,Scott,Jack,Thomas,1172,Montes Lodge,Alishaside,NY,11254,Male,1960-10-05,Faculty
1587124,Shawn,Noah,Richards,6283,Thomas Island,Deborahberg,NY,11109,Male,1999-08-18,Student
1176195,Robin,Christina,Ramirez,2193,Davis Mews,Vaughanstad,NY,13801,Female,2003-08-11,Student
1651189,Hannah,Lisa,Hernandez,8250,Singh Mills,Vegahaven,NY,14468,Female,1995-02-21,Student
1526549,Kimberly,Alice,Soto,2175,Harris Stream,East Carolynland,NY,12910,Female,1999-08-05,Student
1116820,Sara,Jennifer,Ramirez,8928,Jones Cape,West Debraport,NY,13120,Female,2005-06-28,Student
1652160,Ricardo,Timothy,Wilson,9056,Duran Crest,Erictown,NY,13129,Male,1996-10-13,Student
1617769,Chloe,Rebecca,Ryan,5248,Hodge Circles,West Richard,NY,14438,Female,2002-09-27,Student
9304141,Brian,James,Hammond,3485,Johnson Plains,Michaelside,NY,10853,Male,1965-06-22,Faculty
1457313,Shawn,Nicholas,Doyle,9078,Palmer Parkway,Davidfort,MD,20869,Male,1998-02-06,Student
1780539,Steven,Charles,Rogers,1115,Jimmy Mews,South Joshua,NY,11403,Male,2003-10-28,Student
1528193,Hunter,Ryan,Richards,4102,Anita Place,East Logan,NJ,7716,Male,2003-07-20,Student
1925472,Patricia,Victoria,Green,5529,Jones Plains,Courtneyland,NY,11180,Female,1995-09-09,Student
9114474,Aaron,Benjamin,Rodgers,6445,Phillip Via,Port Gary,NY,14213,Male,1950-03-25,Faculty
1726653,Joyce,Patricia,Washington,1377,Juan Square,Robertmouth,NY,11064,Female,2004-09-22,Student
1012123,Ann,Kathy,Armstrong,2982,Edwards River,West Joanna,VA,22638,Female,2007-03-22,Student
9781227,Reginald,Kevin,Bates,8353,Kimberly Manor,Michelestad,NY,11858,Male,1957-09-01,Faculty
1872239,Kevin,Dylan,Smith,6363,Fleming Row,North Garyville,NY,11878,Male,1995-09-22,Student
1294780,Tammy,Tracy,Stephens,4934,Smith Drive,Scottfurt,VA,22254,Female,2001-07-04,Student
1403823,Julian,Robert,Johnson,6227,Richardson Neck,Rhondamouth,NY,10819,Male,1999-10-05,Student
1263514,Angela,Amy,Reeves,3428,Michael Pine,New Kristine,FL,34093,Female,2003-09-29,Student
1928953,Fred,David,Matthews,3674,Joseph Motorway,Martinberg,NY,14467,Male,2006-04-10,Student
1426758,Aaron,Ryan,Copeland,1209,Stacie Points,North Patrick,TX,75877,Male,1996-06-03,Student
1835512,Tina,Dawn,White,5941,Jesus Port,Charlestown,CT,6365,Female,1995-05-21,Student
1011595,Gary,Corey,Yates,7134,Anthony Trail,Murphyville,PA,16296,Male,2000-12-06,Student
1124110,Joshua,Phillip,Kent,6556,Rivera Crossing,Port Kristineport,NY,12230,Male,2001-12-04,Student
1033873,Brett,Jesse,Hendrix,7585,Brandon Mills,Lake Jonathanbury,MA,2603,Male,2005-01-18,Student
1315088,Mary,Jackie,Sharp,7550,Maria Dale,Catherinehaven,PA,15698,Female,2003-08-13,Student
9227814,Marcus,Patrick,Oliver,6664,Brown Ferry,North Jasmin,NY,13782,Male,1958-09-30,Faculty
1905771,Michael,Bryan,Macias,5996,Hunt Corner,Patelfurt,MA,2247,Male,2003-05-24,Student
1060172,Nicholas,Brad,Case,8771,Gutierrez Port,Melindatown,NY,10605,Male,2006-12-17,Student
1594248,Marc,Scott,Thompson,2977,Holmes Fort,Mooreville,NY,13603,Male,2006-04-10,Student
1479625,Benjamin,Samuel,Bernard,6318,Washington Common,Simmonston,NY,12871,Male,2007-06-20,Student
9161726,Stanley,James,Burton,1715,Paul Grove,East Robert,NY,12101,Male,1960-09-25,Faculty
1807902,Andrea,Katherine,Jenkins,4724,Jay Isle,South Linda,CT,6236,Female,1998-01-15,Student
1428468,Alexis,Casey,Rodriguez,7702,Hicks Divide,Port Cheryl,PA,15524,Female,1998-05-25,Student
1111947,Joseph,David,Wade,7187,Mary Ridge,Hunterview,CT,6007,Male,1995-01-17,Student
1999119,Kathleen,Brenda,White,7892,Lopez Shoals,New Steven,NY,13790,Female,1999-08-21,Student
9248000,Kelsey,Angela,Green,5090,Patterson Street,Port Elizabethbury,NY,11655,Female,1954-12-01,Faculty
1903676,Lisa,Danielle,Harmon,8037,Lisa Dam,Edwardstown,NY,11870,Female,1999-01-08,Student
1518140,Larry,Tony,Roberson,4068,Holmes Estate,Jamesshire,NY,10672,Male,2006-11-06,Student
1603203,Michelle,Stephanie,Rice,2561,Aguirre Course,West Maryberg,NY,11877,Female,2002-09-19,Student
1443471,Stephen,Zachary,Perry,9197,Victoria Alley,Higginsview,TX,75683,Male,1996-06-02,Student
1766282,Cameron,Willie,Ball,8539,Ford Course,Lake Jennifershire,TX,79468,Male,2007-02-20,Student
1819174,Terri,Heather,Morrison,6253,Ford Throughway,West Andrea,NJ,7636,Female,1996-02-07,Student
1894041,Jeffery,Marcus,Parks,3194,Curry Bypass,Evanstown,NY,11973,Male,2005-02-18,Student
1762175,Ralph,Christopher,Ferrell,6451,Ashley Trail,Edwardfort,OH,43329,Male,2007-05-17,Student
9347139,Thomas,Douglas,Phillips,7244,Woods Causeway,Knappshire,NY,10794,Male,1985-02-12,Faculty
1048038,Deanna,Rebecca,Walker,2091,Norris Greens,Hodgefurt,NJ,7863,Female,1995-01-09,Student
1139015,Shannon,Amanda,Mosley,5617,Victor Street,North Leahshire,NJ,8965,Female,2005-10-20,Student
1613774,Jessica,Patricia,Sanders,9750,White River,Port Wendyburgh,IL,62567,Female,1999-09-25,Student
1868423,Michael,Thomas,Walker,9066,Harris Mountain,East Vickibury,NJ,7698,Male,1995-12-22,Student
1535422,Sarah,Stephanie,Morgan,6594,Michelle Glens,Williamberg,NJ,7302,Female,1995-04-04,Student
1174360,Michael,William,May,8782,Glen Fords,West Jeremyport,NY,10818,Male,1996-06-02,Student
1632735,Teresa,Mary,Crawford,6341,Amy Cape,Williamview,NY,12053,Female,1995-03-17,Student
1011821,Helen,Karen,Fisher,6066,Christopher Ports,Thomasview,CT,6069,Female,2007-08-25,Student
1325985,Elizabeth,Laura,Nielsen,1504,Edward Forest,Blairland,NY,14453,Female,2007-02-27,Student
1613082,Andrew,Michael,Rose,7390,Maria Points,Armstrongview,NJ,7813,Male,2000-04-05,Student
1728308,Jennifer,Pam,Arias,6501,Benjamin Parks,Charlesport,NY,14037,Female,1999-05-28,Student
1533936,Kelly,Christina,Brock,5974,Mcmahon Mills,Chadview,NY,14766,Female,2000-01-20,Student
1781672,Andrew,Christopher,Gates,9045,Terri Ramp,Larsonside,NY,11588,Male,2006-09-09,Student
1356632,Cheyenne,Stephanie,Wagner,5116,Jessica Springs,West Heather,NY,10802,Female,2001-02-23,Student
1100666,Patricia,Jessica,Rowland,3469,Lindsay Drives,New Cassandra,CA,90077,Female,2005-09-26,Student
1009010,Megan,Haley,Mason,8529,Harris Mountain,Ericville,NY,11599,Female,1994-12-11,Student
1126666,Michael,Philip,Smith,8256,Black Flats,New Erikland,NY,14487,Male,2000-10-12,Student
1913290,Eric,James,Kramer,6258,Powers Islands,New Nichole,NJ,7757,Male,2005-02-25,Student
1199974,Hannah,Patricia,Ferguson,7768,Bailey Knolls,Riverachester,NY,12844,Female,1995-05-28,Student
1047649,Andres,David,Brown,8900,Phillips Corner,West Frederickstad,NY,14553,Male,1995-07-15,Student
1777068,Jose,Jose,Lee,4582,Alan Tunnel,Evanstad,NY,10429,Male,1996-02-27,Student
1694209,Shane,Michael,Morgan,2058,Griffin Oval,South Kenneth,MA,1556,Male,2001-06-19,Student
1827959,Kristina,Karen,Wilkinson,1705,Khan Track,North Nina,NY,12125,Female,1994-11-26,Student
1007195,Kathy,Laura,Hayes,2653,Carlson Turnpike,Robertshaven,VA,22258,Female,1997-01-04,Student
1885234,Sandra,Christine,Thomas,5241,Johnson Fort,Maryland,NY,14530,Female,2000-07-07,Student
9246151,Robert,Kevin,Rodgers,5612,Kennedy Valleys,Natalietown,NY,12662,Male,1961-08-20,Faculty
9527856,Walter,Kyle,Rocha,4566,Adriana Path,New Daveshire,NY,14047,Male,1977-03-29,Faculty
1321368,Diana,Stephanie,King,8871,James Meadow,Martinfurt,CT,6317,Female,1996-08-07,Student
1952605,Dennis,Richard,Green,6533,Michaela Harbors,Lake Jamesview,NJ,7520,Male,1998-02-21,Student
1054620,Jonathan,Timothy,Ortiz,8419,Smith Via,West Christianbury,VA,23297,Male,1998-04-06,Student
1936211,Lonnie,Ian,Foster,9629,Frank Harbor,Staceyton,NY,10778,Male,1999-12-17,Student
1644800,Tasha,Brittany,Kaiser,8810,Lacey Burgs,Carrilloburgh,NY,12106,Female,1998-04-02,Student
1894810,Michael,Willie,Velasquez,6538,Steven Lane,Port Hannahshire,CT,6312,Male,2007-01-25,Student
1954001,Isaac,Christopher,Gill,5975,Zachary Union,Rachelborough,NY,14439,Male,1998-05-25,Student
1180479,William,David,Davis,8540,Santiago Cape,West Brianmouth,PA,15669,Male,2004-06-28,Student
1667210,Rhonda,Emily,Craig,2071,Thomas Via,Rebeccaview,CT,6167,Female,2004-11-11,Student
1218212,Gregory,Justin,Moore,2669,Johnson Causeway,Lake Mistyborough,MA,2729,Male,1997-01-28,Student
1517453,Stacy,Teresa,Harvey,9064,Ortiz Fork,Saraborough,CT,6130,Female,2001-05-12,Student
1646246,William,Anthony,Burns,2301,Charles Knoll,Wardmouth,OH,44887,Male,2006-01-04,Student
1784985,Joann,Cassandra,Patel,8833,Tiffany Course,Ramosland,NY,13966,Female,1997-09-22,Student
1585244,Sarah,Chelsea,Griffin,3267,Lam Mills,West Debbieburgh,OH,45601,Female,2002-01-13,Student
1513089,Haley,Laura,Lawrence,3748,Jared Plains,Shannonmouth,NY,12205,Female,2000-11-18,Student
1255658,Mary,Ashley,Boyd,8554,Gonzalez Valley,North Tinaburgh,NY,13339,Female,2002-03-13,Student
1271718,David,James,Archer,5920,Joanna Lakes,Elizabethfort,NJ,8562,Male,2000-06-09,Student
1517403,Kimberly,Jennifer,Berry,2245,Sanford Vista,Dennistown,NY,11796,Female,1997-02-14,Student
1597606,Kathleen,Jacqueline,Perez,9084,Maureen Loop,Nicholasview,CT,6230,Female,2007-01-21,Student
1949558,Cassandra,Amanda,Miller,6445,Brown Shoals,Port Justinfurt,TX,76321,Female,2005-05-07,Student
1026739,Randall,Adam,Owens,2172,Castaneda Roads,Johnsonchester,NY,10392,Male,2001-09-16,Student
1409638,Matthew,Aaron,Lopez,4961,Hernandez Creek,Deannaborough,NY,14171,Male,2003-09-05,Student
1470854,Dakota,Kenneth,Hill,3505,Joseph Radial,North Alexandramouth,IL,60813,Male,2005-01-28,Student
1384242,James,James,Ramos,8071,Vincent Villages,West Davidmouth,NY,13292,Male,2002-02-28,Student
1349177,Christine,Alexis,Cohen,7625,Meghan Fort,South James,CA,93466,Female,2003-03-30,Student
1531825,Hector,Larry,Smith,5296,Jack Cove,East Karenland,CT,6165,Male,2004-09-25,Student
1927362,Andrew,Ryan,Duffy,3766,Kathy Trafficway,Susanhaven,NJ,8878,Male,1996-05-27,Student
1610113,Angelica,Megan,White,7642,Elizabeth Track,Rossside,TX,76119,Female,1999-12-22,Student
1208474,Matthew,Christopher,Humphrey,8650,Lang Throughway,Terrybury,NJ,8384,Male,2001-06-11,Student
1651500,Maurice,Daniel,Cruz,4898,Atkins Pines,Jesseside,NY,11710,Male,2006-10-23,Student
1939440,Dawn,Catherine,Maynard,1186,Jefferson Station,South Brendanborough,PA,16731,Female,2006-09-06,Student
1277661,Richard,Kyle,Stevens,5764,Alexis Isle,West Justinstad,NY,13761,Male,1997-07-29,Student
9420451,Erika,Jennifer,Friedman,7484,Elizabeth Flat,West Jeremyfort,NY,10133,Female,1966-04-30,Faculty
1601364,Kimberly,Leslie,Malone,3168,Wyatt Mountain,Lake Christopher,NY,10471,Female,1997-07-04,Student
1167126,Sandra,Savannah,Black,3368,Kyle Springs,Meyersburgh,NY,12270,Female,1998-12-31,Student
1748131,Catherine,Jennifer,Cuevas,3745,Melanie Via,New Erinhaven,NY,14548,Female,2003-11-18,Student
1232091,James,Stephen,Clayton,2538,William Flats,Levineville,NJ,8108,Male,2007-02-24,Student
9336771,Christopher,Michael,Robinson,2575,Watts Curve,Boyleside,NY,10886,Male,1997-07-11,Faculty
1186327,Bernard,Tyler,Bradford,7811,Jennifer Camp,Fredville,NY,14304,Male,2003-12-01,Student
1100033,Ashley,Brandy,Stanley,6015,Adrienne Knoll,South Kellyfurt,NY,10745,Female,2007-04-16,Student
1960287,Bryce,Mark,Whitney,3099,James Way,Sanchezburgh,NY,11502,Male,2002-03-25,Student
1940096,Philip,Matthew,Richardson,6164,Cortez Cliffs,South Christopherburgh,CT,6150,Male,2007-08-27,Student
1185755,Dawn,Kristine,Clay,1151,Melinda Center,West Brenda,MD,21905,Female,2004-09-21,Student
1355055,Brian,Mark,Miller,2221,Richardson Village,Ruizbury,NY,13303,Male,2001-03-15,Student
1618687,Brittany,Sandra,Wilcox,1650,Tracy Roads,New Daniel,NJ,8945,Female,1996-07-31,Student
1702758,Crystal,Rhonda,Woods,1180,Hutchinson Center,Stephaniebury,NY,14379,Female,2002-04-01,Student
1528851,Kelly,Tina,Trujillo,7691,Marshall Ferry,Port Patriciafurt,MA,1277,Female,2004-12-03,Student
1169358,Kimberly,Jill,Wells,8767,Gilbert Mission,East Rodneymouth,IL,62221,Female,1996-07-25,Student
1556029,Joshua,Martin,Santana,1663,Scott Station,Stephaniemouth,NY,12608,Male,2003-01-07,Student
1325618,Jessica,Elizabeth,Ward,9025,Isaac Locks,Huffmantown,FL,32841,Female,2006-01-09,Student
1315737,Tamara,Angela,Daniels,5850,Sierra Viaduct,Saraton,NY,11101,Female,2003-03-28,Student
1715307,Daniel,Matthew,Bennett,4126,Brenda Glens,Popefurt,PA,19601,Male,2004-03-10,Student
1725214,Megan,Amanda,James,6240,Amy Ports,Port Sandra,PA,17969,Female,1999-04-12,Student
1819691,Donna,Patricia,Hudson,9525,Mcclure Meadow,Freemantown,TX,78276,Female,2003-12-02,Student
1020476,Justin,Jeremy,Ryan,1430,Cheryl Squares,Guzmanstad,NY,10647,Male,2004-01-07,Student
1893596,Jose,Matthew,Anderson,8625,Glenda Circle,Port David,MA,1286,Male,1999-04-11,Student
1705324,Nancy,Julie,Nguyen,9157,Carla Ports,East Tammy,OH,43779,Female,1999-04-25,Student
1755246,Paul,Colin,Mclaughlin,9309,Brandy Highway,Katelynbury,IL,60787,Male,2005-04-21,Student
1491861,Brett,Henry,Rosario,9527,John Curve,Martinchester,CA,90823,Male,2003-03-31,Student
1485945,Elizabeth,Deborah,Bruce,6854,Cameron Point,Marshallview,VA,22280,Female,2004-02-22,Student
1695184,Laura,Ashley,Reese,5225,Donald Drive,Kevinberg,NY,11357,Female,1997-03-04,Student
1990993,Kenneth,James,Grant,6131,Gaines Isle,West Susan,OH,44351,Male,1997-08-15,Student
1989998,Lisa,Alicia,Lee,2673,Robinson Tunnel,Jessicafort,NJ,7792,Female,2005-02-15,Student
1480897,Robert,Alexander,Dickson,7024,Daisy Burg,East Kaylaland,OH,43119,Male,2007-05-29,Student
1674553,Patrick,Sean,Bright,6780,Michelle Summit,North Donald,NY,10701,Male,1997-02-25,Student
1619824,Marcus,Brandon,Jackson,8186,Hicks Pines,Ashleyshire,NY,12284,Male,2007-01-03,Student
1781914,Elijah,Kevin,Duncan,6881,William Track,North John,NY,10088,Male,2003-03-04,Student
1003315,Colleen,Kristy,Keith,3711,Angela Gateway,North Ashley,NJ,8857,Female,1995-05-15,Student
1391938,Michele,Amanda,Gardner,8754,Anderson Lakes,Tiffanyville,NY,14654,Female,1998-05-20,Student
1667209,Blake,Seth,Williams,5015,King Glens,Lake Matthewfort,NY,10292,Male,1998-09-06,Student
1409205,Arthur,Anthony,Mann,1785,Johnson Flat,West Susanview,NY,11953,Male,1997-05-01,Student
1656072,Wayne,Daniel,Lambert,8616,Lauren Shoals,East Jamesside,NY,13765,Male,2006-11-19,Student
1005703,Mark,Mark,Morgan,7630,Brianna Extension,East Ryanhaven,FL,33536,Male,2006-06-27,Student
1310850,Elizabeth,Kimberly,Brown,5292,Campbell Roads,Woodshaven,NY,14320,Female,2007-05-29,Student
1401680,Richard,Bryan,Williams,7275,Lisa Cove,South Colin,MA,1208,Male,2004-05-28,Student
1663613,Roger,Billy,Henderson,2690,Phillips Centers,North Conniemouth,NY,11961,Male,2006-10-15,Student
1539202,Lance,Danny,Rogers,7009,James Harbors,Charlestown,PA,16102,Male,2000-09-06,Student
1139318,Kathleen,Natalie,Wilson,2937,Long Points,East Megan,OH,45577,Female,1996-12-30,Student
1138051,Adrian,Kevin,Salas,5748,Lopez Tunnel,North Dawnland,NY,10424,Male,2007-07-29,Student
1893842,William,David,Jones,7444,Alexandria Squares,Lake Fernandomouth,NJ,8650,Male,1997-03-20,Student
1948040,Amy,Kimberly,Gomez,5143,Shannon Valley,Youngview,VA,23352,Female,2003-03-18,Student
1560437,Katelyn,Christina,Nielsen,1670,Paula Valley,Lopezstad,IL,62794,Female,1995-09-29,Student
1508191,Danielle,Jennifer,Henderson,1668,Jessica Glens,Rogersmouth,NY,12751,Female,2000-01-17,Student
1693250,Tammy,Lisa,Warren,9074,Robinson Fort,Mendozafurt,VA,24235,Female,1995-09-16,Student
1140583,Jacob,Julian,Campbell,3475,Peter Trace,Port Angela,CA,95543,Male,2001-07-07,Student
9320082,Richard,Jaime,Andrews,4717,Johnson Brook,North Kevin,NY,13999,Male,1966-07-01,Faculty
1462937,James,Austin,Phillips,4952,Ware Isle,Port Amyborough,NY,12925,Male,2006-03-10,Student
1430621,Carla,Jennifer,Schwartz,7386,Baird Rapid,Port Christina,NJ,8567,Female,2005-07-26,Student
1070504,Mark,Calvin,King,4629,Marilyn Turnpike,Jenniferborough,NY,10517,Male,2005-07-06,Student
1895316,Natalie,Kristina,Hernandez,4642,Vicki Valley,West Michaelburgh,PA,17990,Female,2006-05-04,Student
1455096,Christine,Amy,Pope,2163,John Ridges,Morrisberg,NY,13835,Female,2000-05-27,Student
1437011,Mark,Scott,Lowery,7726,Patrick Shore,East Angelaland,CT,6084,Male,2005-10-24,Student
1512205,Michelle,Sherry,Reynolds,9975,Brown Common,West Danielfurt,MA,1226,Female,2003-01-20,Student
1000445,John,Guy,Hanson,7536,Ross Port,Steventown,NY,11040,Male,1997-10-16,Student
1418809,Crystal,Sarah,Garza,9286,Thompson Plains,South Katherinetown,NJ,7611,Female,1998-05-19,Student
1865977,Morgan,Anna,Haas,3289,Christina Turnpike,New Johnny,OH,44397,Female,1995-11-27,Student
1181772,Carrie,Stacy,Villa,4358,Randall Forks,North Jonburgh,PA,15769,Female,2007-08-27,Student
1347030,Johnny,Craig,Church,8679,Melinda Roads,Port Ashleyshire,NY,12164,Male,2002-01-01,Student
1465991,Karen,Melissa,Carpenter,4084,James Pass,Ellisberg,MD,21863,Female,2000-01-03,Student
1232560,William,Kevin,Bell,5548,Oliver Motorway,West Amanda,NY,13828,Male,2004-07-11,Student
1558445,Tracey,Anne,Thomas,5034,Anna Landing,Karafurt,MA,2431,Female,1996-02-12,Student
1597707,Kelly,Hannah,Burnett,3531,Riley Extension,Hickston,TX,79995,Female,2006-07-13,Student
1838275,Donald,Caleb,Chan,3384,Kimberly Field,Tracifort,NY,13325,Male,2002-09-30,Student
1043598,Heather,Krystal,Oconnor,8304,Charles Shoal,New Phillipton,NY,11669,Female,2004-07-05,Student
1164325,Cheryl,Sonya,Fischer,1505,Christine Freeway,Kennedystad,CT,6166,Female,2000-11-06,Student
1975938,Diana,Jillian,Nguyen,2322,Daniel Green,Alexisville,NY,13780,Female,2000-10-25,Student
1717516,Victor,Wesley,Holden,7935,Moreno Keys,Burnettview,NY,13318,Male,1999-03-06,Student
1442914,Steven,Timothy,Davis,4319,Joshua Flats,Port Amanda,NY,14764,Male,1999-05-06,Student
1641738,Carlos,Joseph,Jones,3356,Walker Circles,Lake Crystal,CT,6139,Male,2002-09-18,Student
1110750,Matthew,Taylor,Harris,6680,Sierra Ports,Jefferymouth,MD,21725,Male,1999-10-24,Student
1785087,Amanda,Courtney,Conway,7924,Matthew Light,Lake Craigport,NY,11902,Female,2000-07-07,Student
1762564,Christopher,Ronald,Hahn,4610,Velasquez Street,South Joshuaborough,NY,14303,Male,1995-09-23,Student
1655972,Tiffany,Misty,Richards,5445,Clark Causeway,Sarahhaven,CT,6028,Female,2002-09-07,Student
1115110,Jeffery,Gregg,Jones,5935,Andre Ramp,West Amber,OH,43486,Male,2002-05-30,Student
9511981,David,Brandon,Green,1133,Lopez Corner,Lynchport,NY,11374,Male,1959-08-05,Faculty
1973008,Phillip,John,Johnson,5790,Linda Shoals,Port Donna,PA,19552,Male,2001-08-31,Student
1515325,Tim,Michael,Francis,1295,Flores Island,Wrightshire,NY,10654,Male,1999-10-11,Student
1726484,Andrew,Richard,Murray,7404,Cross Ports,Serranoberg,NY,13035,Male,2003-05-06,Student
1978478,Colleen,Karen,Collins,6477,Diaz Falls,Phillipsland,OH,45084,Female,1998-03-27,Student
1120111,Kelly,Robyn,Hill,5533,Townsend Divide,North Lisamouth,MA,1742,Female,2000-05-04,Student
1316186,John,Eric,Moore,3239,Lisa Garden,South Amyhaven,NY,14562,Male,2003-11-16,Student
1901089,Christina,Carla,Hunter,5848,Dougherty Forge,Kimberg,NY,10010,Female,2000-10-20,Student
1752294,Marcus,Jonathan,Noble,1204,Eric Fields,East Patricia,NY,12141,Male,2007-07-04,Student
1626054,Douglas,Colton,Contreras,7184,Boyle Parkways,Nelsonton,NY,10180,Male,1999-03-29,Student
1027734,Megan,Tracy,Perkins,7275,Pamela Run,Jenniferport,NY,10595,Female,2004-03-28,Student
1523761,Miguel,Donald,Figueroa,5770,Rivera View,Port Paulland,NJ,8252,Male,2002-10-05,Student
1741404,Laurie,Sandra,Foster,3109,Brittany Rest,Cameronmouth,NJ,8422,Female,1996-11-10,Student
1175890,James,Mark,Bennett,9398,Robert Ville,New Kiara,NJ,8374,Male,2007-07-15,Student
1212231,Tracy,Andrea,Phillips,3318,Escobar Mission,Amandastad,NY,13178,Female,2006-01-04,Student
1959843,Alan,Michael,Carter,9605,Matthew Ramp,Port Heatherhaven,NY,11158,Male,1998-04-05,Student
1839834,Patrick,Patrick,Whitaker,4197,Carl Circle,Louisberg,CT,6086,Male,2001-07-25,Student
1658174,Jeffery,Jimmy,Rowland,8837,Jessica Meadow,Parsonsshire,NY,11761,Male,2002-06-01,Student
1690651,Michael,Jonathan,Cook,1342,Stevens Underpass,Amberside,MD,21254,Male,2004-04-04,Student
1575166,Joshua,Steven,Liu,2318,Hunt Trafficway,Powellport,CT,6093,Male,1997-10-14,Student
1483380,Erica,Angela,Tucker,5984,Sims Light,West Antonio,CA,92013,Female,2002-01-13,Student
1085573,April,Haley,Conley,7669,Gonzalez Pike,West Samantha,MA,2633,Female,2001-11-02,Student
1737850,Tyler,Timothy,Long,7929,Breanna Village,West Jamesbury,NY,13878,Male,2001-03-31,Student
1870597,Michael,Russell,Baker,4171,Debbie Street,Serranoland,NY,13879,Male,2001-01-21,Student
1141632,Kimberly,Angela,Hampton,6156,Cole Summit,Reyesview,NJ,7602,Female,2003-05-01,Student
9639831,Sean,Blake,Nelson,3204,Rachel Coves,South Edward,NY,10988,Male,1971-03-21,Faculty
1176853,Jill,Jasmine,Shaffer,8323,Torres Burgs,Martinshire,NY,10551,Female,1997-04-23,Student
1554781,Amanda,Kimberly,Winters,8580,Sara Island,North Amanda,NY,14337,Female,2006-01-31,Student
1087118,Elaine,Theresa,Buchanan,3421,Bennett Ford,Gordonmouth,NY,10016,Female,2004-01-09,Student
1156842,Amy,Maria,Willis,8473,Margaret Cliffs,Whiteside,NY,10369,Female,1999-07-14,Student
1505186,Christine,Rachel,Mooney,4892,Hannah Plaza,East Tyler,NJ,8153,Female,2000-12-06,Student
1679603,Erin,Patricia,Jones,5617,Melinda Union,North Melissafurt,FL,34444,Female,1999-06-07,Student
1976881,Michael,Timothy,Clark,1428,Joseph Stream,South Eric,MA,1310,Male,1997-05-31,Student
9159213,Tyler,Timothy,Mckee,5572,Hurley Island,North Jamiechester,NY,10243,Male,1976-08-22,Faculty
1021122,Anthony,Daniel,Rodriguez,4219,Griffin Estate,Brendafort,CA,95317,Male,2004-06-18,Student
1586374,Keith,Omar,Richardson,7222,Abigail Spring,New Andrewburgh,NJ,7715,Male,1997-10-19,Student
1757492,Deborah,Shelby,Roberts,3510,Davis Spur,South Jackshire,NJ,8692,Female,1997-12-20,Student
1379934,Nicholas,John,Brown,5858,Chase Port,East Duanemouth,MA,2240,Male,1999-10-31,Student
1186804,Ashley,Stacey,Burns,3297,Rebecca Landing,Smithfort,NY,11348,Female,2007-04-27,Student
1796240,Stephanie,Renee,Barnes,8821,James Mountains,Davidmouth,MD,20900,Female,2006-12-20,Student
1091799,Amy,Brandy,Cardenas,4793,Sanders Locks,Port Brandy,CT,6265,Female,1995-11-16,Student
8300933,Colleen,Jennifer,Peterson,6183,Mark Island,Lake Douglasshire,NY,13317,Female,1969-01-26,Staff
1620754,James,Bryan,Hicks,9172,Simmons Street,Port Joseview,MA,1083,Male,1996-07-21,Student
1533343,Kimberly,Lindsay,Miller,4581,Christopher Road,New Eddiefurt,TX,79414,Female,2005-02-16,Student
1731349,Linda,Amber,Garrett,7881,Becky Underpass,Maryfort,CA,94887,Female,2003-05-21,Student
1272977,Laurie,Mary,Davis,3067,Greer Isle,South Christinemouth,NJ,7001,Female,1999-02-24,Student
1089306,Taylor,Matthew,Logan,8568,Sarah Divide,Matthewborough,NY,11142,Male,1998-10-27,Student
1206502,Jessica,Courtney,Miller,9809,Riddle Field,Jenniferview,NY,13643,Female,2003-08-24,Student
1326303,Jamie,Nicole,Cooper,6034,Frank Village,Smithfurt,CT,6381,Female,2003-05-27,Student
9630466,Deanna,Charlene,Monroe,3491,Sandra Lake,Johnfurt,NY,14057,Female,1980-05-29,Faculty
1398877,Elizabeth,Jennifer,Aguirre,8038,Taylor Island,Barbaraland,PA,17038,Female,1995-05-17,Student
1168535,Ann,Kathleen,Young,7390,Rachel Manors,Sherrystad,NJ,7652,Female,2007-08-11,Student
1128004,Richard,Adam,Randall,1954,Davis Orchard,Troychester,NY,11431,Male,1996-05-28,Student
1407374,Alvin,Dalton,Carson,7501,Perez Cliffs,East Michele,NJ,8186,Male,2006-05-26,Student
1706517,Linda,Donna,Brown,4938,Nolan Mountains,Grahamport,CA,95915,Female,2000-08-08,Student
1090174,John,Joe,Davidson,4770,Timothy Green,East Katherine,IL,60510,Male,2004-01-08,Student
1458144,Michael,Daniel,Mccullough,6980,Morrow Point,Christopherberg,CT,6370,Male,1997-11-11,Student
1660629,Lauren,Melissa,Moore,3226,Andrew Park,Jonesshire,NY,10357,Female,1997-11-30,Student
1014804,Dustin,Justin,Scott,7777,Valentine Throughway,West Donaldborough,NY,10336,Male,1994-11-16,Student
1461008,Xavier,Daniel,Salinas,2462,Torres Ville,Dominiquebury,PA,16036,Male,2003-06-15,Student
1642562,Henry,Michael,Brown,6715,Paul Camp,Gibsonmouth,NY,12429,Male,2006-04-24,Student
1474449,Caleb,Zachary,Gibson,3321,Andrew Street,North Gary,NJ,8923,Male,1997-04-03,Student
1761209,Lori,Chelsea,Deleon,1519,Jesus Parkways,North Robertbury,NJ,7793,Female,2006-08-16,Student
9062362,Richard,Dustin,Perez,1162,Sara Estate,South Laura,NY,14808,Male,1982-09-19,Faculty
1125012,Laura,Amber,Novak,7642,Love Dam,Port Anne,NY,11764,Female,2005-05-02,Student
8249760,Hannah,Sara,Henderson,3802,Jennifer Lock,South Adamville,NY,11307,Female,1996-04-05,Staff
1597011,Jessica,Sandra,Daniel,7382,Gregory Ranch,North Wayneland,NY,11767,Female,1994-12-18,Student
1577563,Patricia,Sandra,Edwards,5968,Callahan Loop,Dennisborough,NY,13841,Female,1998-09-09,Student
1662048,Molly,Brittany,Sullivan,6147,Mueller Drive,Port Madelinemouth,NY,14048,Female,2007-07-19,Student
1935819,Erica,Brenda,Mitchell,9096,Martinez Port,New Richardland,PA,17411,Female,2002-12-25,Student
1433428,Tammy,Casey,Butler,8712,Sandra Overpass,Erinhaven,NY,10650,Female,1999-04-11,Student
1033985,Stephen,Scott,Smith,4127,Angel Ramp,South Kimberlymouth,NY,13478,Male,2006-08-02,Student
1038541,Herbert,John,Robinson,6810,Garcia Mountain,Lake Arthur,NY,11883,Male,1997-01-15,Student
1675750,Danielle,Sherry,Martin,3571,Lindsey Green,Blakeside,MA,2770,Female,2000-12-31,Student
1333420,Danielle,Sarah,Hammond,6535,Rodriguez Gardens,Karenland,NY,11025,Female,1998-05-21,Student
1587570,Joshua,Jason,Norman,2024,Sarah Square,Robinshire,NY,14777,Male,2004-07-31,Student
1339561,Lauren,Stephanie,Cruz,7666,Valenzuela Crest,Port Juliaburgh,TX,77600,Female,1997-01-01,Student
1410972,Brittany,Stacie,Hall,9181,Gary Fort,West Robert,NJ,8758,Female,1996-06-15,Student
1629604,Bobby,Jason,Cross,4106,Lisa Parks,Samuelview,OH,43314,Male,2004-12-18,Student
1490448,John,Antonio,Hood,6050,Blanchard Estates,East Cristian,NY,12749,Male,2004-05-20,Student
1213674,Theresa,Lisa,Miller,6279,Villanueva Ranch,Wilsonfort,NY,10509,Female,2007-01-02,Student
9394665,Monique,Linda,Giles,3934,Elliott Pines,Deborahshire,NY,14156,Female,1992-02-23,Faculty
1988017,Jessica,Christine,Norris,1779,Madison Green,Nicholashaven,MD,21822,Female,1999-06-02,Student
9726373,Joyce,Ashley,Hill,6325,Tyler Union,Snowmouth,NY,11171,Female,1997-05-10,Faculty
1823135,Marvin,Justin,Davis,3436,Buck Causeway,Lake Pamela,NY,13843,Male,1997-03-31,Student
1362906,Jill,Kimberly,Anderson,5539,Cynthia Radial,North Charlesbury,NY,12948,Female,2006-09-17,Student
1080360,Brett,Jerry,Lee,2370,Laurie Plains,New Robert,MD,21455,Male,1997-04-29,Student
1242476,Misty,Joan,Clark,7427,Aguilar Landing,Elizabethborough,NJ,7205,Female,2003-05-05,Student
1707706,Anna,Annette,Shelton,6238,Andrew Common,North Manuel,NY,12723,Female,2000-10-12,Student
1805511,Christopher,Kenneth,Chen,1728,Carl Parkway,New Andrewmouth,NY,10964,Male,2004-11-16,Student
1201976,Tiffany,Tracey,Choi,9955,Debra Stravenue,East Christietown,MA,1419,Female,2005-11-18,Student
1384836,Maria,Laura,Taylor,1516,Williams Shores,Angelaview,NY,10465,Female,2001-05-09,Student
1840121,Heather,Beth,Trujillo,3065,Scott Glens,Reevesville,NY,10994,Female,2000-01-28,Student
1900443,Jade,Jacqueline,Dyer,7302,Deleon Mountain,Yuton,MA,1305,Female,2002-05-06,Student
1654255,Francis,Christopher,Perez,5679,Wright Hollow,Lewischester,NY,10890,Male,1995-10-18,Student
1306108,Ryan,Robert,Johnson,6350,Michael Coves,East Josephport,NY,10558,Male,1995-10-07,Student
1384380,Kimberly,Lisa,Shields,1569,Danielle Lodge,West Kevin,NY,10932,Female,2001-06-08,Student
1123475,Stephanie,Jamie,Phillips,7558,Brandy Rest,Lake Robinshire,NY,11473,Female,2006-12-31,Student
1133607,Kristy,Jessica,Johnson,9987,Richard Vista,South Heather,NY,11175,Female,2002-04-13,Student
1488099,Jason,Damon,Meyer,9372,Richardson Bridge,South Rebeccamouth,PA,18893,Male,1996-07-04,Student
1424855,Katherine,Vanessa,Whitney,2136,Linda Stravenue,Travisstad,NY,12428,Female,2007-09-19,Student
1795700,Charles,Michael,Hooper,8579,Francis Expressway,New Mathew,NY,13024,Male,2000-01-19,Student
1852500,Wendy,Amy,Hernandez,3695,Goodman Junction,Emilyhaven,NY,14011,Female,1996-07-05,Student
1334416,Jose,William,Lucas,7821,Christopher Rest,North Mckenzie,MD,21600,Male,2001-02-24,Student
1266076,Kristen,Shannon,Reyes,3762,William Mews,Gallowaymouth,NY,13449,Female,2002-12-04,Student
1948722,Kimberly,Cynthia,Harris,9495,Joyce Manor,Lake Sara,CA,92256,Female,2005-12-12,Student
1733836,James,Anthony,Scott,7051,Jordan Route,Barrerafort,NY,13774,Male,2004-06-28,Student
1632180,Scott,Robert,Scott,9228,Howell Lights,Dillonland,NY,11731,Male,2003-10-28,Student
1190731,Zachary,Matthew,Hancock,7609,Christopher Groves,Jasonville,NY,14740,Male,2007-02-03,Student
1333596,Jamie,Jim,Bates,3058,James Gateway,South Scottside,NY,12702,Male,1997-01-01,Student
1474607,Christian,Mike,Moran,3740,Lopez Mills,Lake Pamelaside,NY,11586,Male,1996-08-02,Student
1126838,Brandon,Michael,Ramirez,6895,Andre Streets,Stephaniehaven,NY,14553,Male,2004-05-31,Student
1763057,Pamela,Julia,Martinez,7302,Williams Groves,Rosebury,NY,14712,Female,2000-01-09,Student
1640860,Jason,Anthony,Mcdonald,7112,Jenkins Flats,North Josephton,NY,14140,Male,2005-12-10,Student
1238699,Francisco,Benjamin,Mckenzie,8500,Sanchez Prairie,New Samuelstad,TX,76896,Male,2004-08-16,Student
1161138,Hayley,Monica,Davis,4124,Tammy Fall,New Williamside,NY,11091,Female,1999-09-30,Student
1712429,Joshua,Matthew,James,9621,Jennifer Forges,Myerschester,CA,90785,Male,1995-12-27,Student
1680723,Kenneth,Austin,Perry,1618,Michael Curve,Laraborough,NY,12582,Male,1999-11-20,Student
1727370,Tammy,Vanessa,Ortiz,8931,Juan Lock,East Shannon,CA,92328,Female,2005-02-03,Student
1595176,Renee,Bonnie,Parker,7566,Morgan Spring,Williamfort,FL,34644,Female,2007-01-16,Student
1120876,Nicholas,Tony,Cantrell,3199,Jenna Green,Reedborough,NY,13321,Male,2001-02-28,Student
1732060,Jennifer,Linda,Hall,1234,Hart Port,Derricktown,VA,24427,Female,2007-01-27,Student
1174601,Laura,Vanessa,Torres,2797,Amanda Via,Kellyland,NJ,7902,Female,1997-08-16,Student
1525630,Dustin,Anthony,Robertson,1985,Kimberly Unions,West Lawrencehaven,NY,14090,Male,1996-08-13,Student
1726564,Michael,Daniel,Spears,3345,Corey Station,Port Bryan,MA,2746,Male,2004-07-01,Student
1434875,Alicia,Jasmine,Anderson,4461,Carter Drive,West Kimberly,NY,12225,Female,1999-11-19,Student
1956321,Heather,Kristine,Jackson,4031,Taylor Neck,Brittanystad,NY,10276,Female,2003-11-19,Student
1460035,Monique,Jessica,Lawrence,1621,Alyssa Causeway,East Bruce,NY,13698,Female,2003-04-06,Student
1440814,Carrie,April,Vasquez,2749,Rivas Parkway,Port Williamfurt,OH,45458,Female,2000-11-09,Student
1386436,Nicholas,Timothy,Chaney,6801,Candace Terrace,New Lawrenceview,NY,10520,Male,2004-03-05,Student
1251256,Heather,Catherine,Morris,2882,Olson Center,West Taraland,PA,16897,Female,2003-05-11,Student
1773176,Patricia,Wendy,Gilbert,8328,Johnson Glen,West Robertbury,FL,32973,Female,2000-08-24,Student
1506613,Thomas,Michael,Phillips,1873,Morales Via,New Billy,PA,15138,Male,2001-04-13,Student
1452354,Jaime,Pamela,Morse,7471,Anna Land,West Garyberg,CT,6220,Female,1998-12-14,Student
1868442,Ross,Edward,Alexander,5924,White Crossing,Port Michelle,NY,12398,Male,2004-06-10,Student
1519562,Jamie,Elizabeth,Davis,3931,Jessica Fall,New Joyce,NY,13144,Female,1996-03-17,Student
7064771,Todd,Joshua,Bird,6751,Kelley Shoals,East Joseborough,NY,11051,Male,1951-12-08,Admin
1916022,Kimberly,Gwendolyn,Long,5862,Rachel Throughway,Port Charles,NY,12993,Female,1998-11-22,Student
1339871,Nicole,Peggy,Ballard,6498,Lambert Drive,Tuckerland,PA,17668,Female,2006-11-03,Student
1062066,Alicia,Jennifer,Gilbert,2718,Watkins Course,Port Jennifer,VA,22011,Female,1997-02-11,Student
1145757,Maria,Amber,Rodriguez,5776,Peters Extensions,Port Robert,VA,24455,Female,1999-12-24,Student
1273249,Teresa,Donna,Hernandez,5623,Michael Ports,Thomasburgh,NY,11868,Female,2001-10-06,Student
1811727,Paula,Audrey,Moore,9339,Williams Spur,South Anna,IL,62150,Female,1995-07-06,Student
1118965,Jamie,Diana,Williams,6818,Christopher Parks,Danielsborough,NJ,7469,Female,1996-12-31,Student
1634463,Steven,Cory,Lamb,5914,Ross Place,Josestad,NY,13206,Male,2003-04-06,Student
1421699,Shannon,Brandon,Adams,2900,Angela Keys,New Sara,NY,12823,Male,2003-09-03,Student
1484389,David,Alexander,Valdez,1970,Livingston Stream,Jacksonport,NY,13307,Male,2002-09-18,Student
1526166,Breanna,Sarah,Palmer,8242,Hernandez Parkway,Sarahview,CT,6212,Female,1996-09-05,Student
1410233,Adam,James,May,9485,William Plains,New Luisport,NJ,8063,Male,1995-02-10,Student
1944084,Susan,Stacy,Velasquez,6056,Thomas Radial,Port Jeromeborough,NY,14682,Female,2006-04-25,Student
1006262,Cody,James,Baker,4436,Riley Street,South Stacystad,NY,13394,Male,2000-02-25,Student
1603404,Erica,Erika,Kelley,9978,Christopher Streets,Millerland,CA,95837,Female,1999-01-23,Student
1798625,Patricia,Ann,Rodgers,7211,Mcbride Branch,Hillville,PA,18335,Female,1999-11-18,Student
1784549,Jared,Scott,Vargas,8410,Moyer Park,Spencerton,CT,6381,Male,2004-12-28,Student
1719134,Kelly,Amy,Harris,4034,Gallegos Mountain,Steinport,NY,11550,Female,2004-10-07,Student
1668794,Dan,Antonio,Haynes,7198,Stephen Court,Gallowayborough,CA,93423,Male,2006-09-03,Student
1774945,Bryan,Daniel,Merritt,8055,Nelson Loop,Gentryside,VA,22187,Male,2004-11-09,Student
1941681,Darrell,Anthony,Duncan,7151,Karen Canyon,Loritown,OH,44504,Male,2000-09-27,Student
1606759,Carrie,Lisa,Clark,1415,Todd Stream,West Whitney,PA,16993,Female,1997-12-31,Student
1494598,David,Robert,Peterson,9283,Long Cape,West Timothy,CT,6099,Male,2003-09-29,Student
1358172,Anna,Summer,Chavez,5975,Pamela Falls,Davidbury,NJ,8002,Female,2002-07-07,Student
9100866,Brittney,Jessica,Moon,2383,Higgins Passage,Mollyland,NY,14351,Female,1964-04-23,Faculty
1522256,Julie,Melissa,Coffey,7673,Aaron Avenue,Hannaside,NY,11975,Female,2007-06-03,Student
1744956,Kimberly,Angela,Trevino,4913,Sarah Drive,West Aliciaville,PA,17605,Female,2007-03-31,Student
1254382,Scott,Jason,Townsend,4188,Bryant Grove,Raymondtown,NJ,8621,Male,1996-01-16,Student
1556719,Ashley,Lisa,Cooper,3866,Michelle Mews,East Marcusside,NY,14606,Female,2004-02-26,Student
1314498,Blake,Joshua,Arnold,5402,King Village,Alexanderfort,NY,12484,Male,1998-10-04,Student
1942257,Daniel,Paul,Watkins,6111,Samantha Route,Knightland,FL,33881,Male,1999-03-29,Student
1636640,Wendy,Yolanda,Wade,4233,Thomas Course,Annamouth,CT,6051,Female,1998-09-27,Student
1787636,Patricia,Michelle,Manning,4077,Austin Unions,New Lindsey,MA,1817,Female,2000-03-16,Student
1801795,Stephanie,Evelyn,Wilcox,3775,Caitlin Landing,Lindaport,MD,21482,Female,1996-04-22,Student
9317773,John,Christopher,Rhodes,7737,Kelly Vista,Lake Pedro,NY,12889,Male,1980-10-14,Faculty
1149406,Frederick,Paul,Downs,2650,Gutierrez Mountain,Clarkchester,PA,19617,Male,2003-06-06,Student
1450456,Donna,Kimberly,Drake,2824,Shaffer Roads,Port Sharonshire,NY,13345,Female,1995-12-27,Student
1477423,David,Jack,Mayo,9227,Mejia Creek,Port Tim,NY,14126,Male,2006-10-06,Student
1118652,John,Tyler,Mora,2038,Pham Skyway,Robertshire,NJ,8893,Male,2001-10-18,Student
1150325,Melissa,Christina,White,8848,Kimberly Inlet,Lake Bonnie,MD,20919,Female,1996-04-14,Student
1506985,Bridget,April,King,4989,Sharp Fall,East Debra,FL,34473,Female,2003-02-06,Student
1304106,Marvin,Melvin,Hunt,5440,Hawkins Underpass,Smithville,PA,17024,Male,1997-10-29,Student
1807614,Roy,Jason,Holder,9102,Tommy Plaza,West Jeremyton,CT,6178,Male,2003-06-03,Student
1048617,Laura,Caitlin,Hunter,3391,Tran Prairie,Lake Timothy,MA,1448,Female,1997-04-08,Student
1169404,Ryan,Thomas,Smith,1821,Anne Causeway,New Isaac,NY,13893,Male,1997-03-11,Student
1625342,Amanda,Amanda,Smith,5745,Holmes Shores,South Amanda,NY,14732,Female,1999-12-12,Student
1542570,Larry,Bryan,Marsh,1399,Nathan Viaduct,Hallmouth,OH,45508,Male,2003-10-19,Student
1463311,Karen,Lindsey,Washington,8889,Patrick Causeway,Smithshire,NJ,8851,Female,1997-11-20,Student
1974299,Steven,Matthew,Newton,7338,Nicholas Lodge,Roblesside,IL,61984,Male,2006-01-21,Student
1559208,Lydia,Jessica,Bailey,3922,William Oval,South Jeffreyborough,MD,21572,Female,2005-04-09,Student
1807735,Amy,Wanda,Wright,7830,Donald Roads,Christinachester,NJ,7699,Female,1995-09-18,Student
1031685,William,Michael,Vazquez,9072,Connor Knoll,Reneefurt,NY,14164,Male,2000-04-10,Student
1439456,Robert,Victor,Davis,4206,Rose Villages,New Samuel,NY,12221,Male,2006-12-07,Student
1068131,Logan,Richard,Moss,9552,Middleton Viaduct,West Cassidyside,VA,22634,Male,1998-09-01,Student
1169471,Tyler,Ronald,Moore,8384,Joshua Forks,New Peter,NY,11365,Male,2002-04-16,Student
1548459,Maria,Heather,Gibbs,4044,Smith Roads,Jessicastad,NY,12316,Female,2006-12-16,Student
1501448,Stephanie,Brandi,Barker,2307,Pham Passage,Lake Sherylfurt,NJ,7268,Female,1996-04-21,Student
1498721,Danielle,Sarah,Santos,6706,Lopez Throughway,Lake Mark,NJ,7361,Female,2007-07-29,Student
1102786,Sean,Andrew,Smith,7757,Joshua Road,Shaneland,NY,13261,Male,2000-03-31,Student
1014715,Evelyn,Christine,Barajas,8106,Walker Vista,Sanchezton,NY,10427,Female,2002-12-28,Student
1838992,Hannah,Michele,Russell,5275,Bruce Circle,Zacharyberg,IL,61026,Female,2007-09-10,Student
1861749,Anthony,Eric,Maldonado,3828,Sara Wall,Lawsonburgh,IL,62123,Male,1997-04-07,Student
1603043,Rachel,Tracy,Hernandez,5230,Kelly Motorway,Port Dianaton,NY,11597,Female,2000-07-14,Student
1908722,Kristina,Amanda,Potter,3678,Alexandra Road,Jacobsonberg,NY,14810,Female,1999-05-26,Student
9469674,Raymond,Ryan,Price,4070,Becker Trail,West Brent,NY,13810,Male,1953-04-12,Faculty
1223923,Thomas,Anthony,Mcdaniel,2536,Bailey Ferry,South Stephanie,NY,13850,Male,1995-01-17,Student
8294026,Patricia,Sara,Kerr,4037,Weber Locks,New Phillip,NY,11638,Female,1954-08-07,Staff
1507727,Jennifer,Jennifer,Hall,3156,Richard Ridges,Edwardsberg,IL,62371,Female,2007-09-07,Student
1923713,Leslie,Wanda,Ortega,8051,Laura Creek,Melanieton,NY,12097,Female,1995-09-16,Student
1447470,James,Lucas,Lawson,8700,Frank Ridge,West Paulmouth,NY,12833,Male,1996-12-16,Student
9515654,Alexandra,Misty,Reyes,7283,Christian Centers,Cameronbury,NY,12894,Female,1995-07-09,Faculty
1636612,Robert,Garrett,Santiago,4111,Rodriguez Islands,Thompsonport,VA,22916,Male,2002-05-06,Student
1542836,Dennis,James,Fuller,8510,Dawn Plains,Gutierrezberg,NY,10038,Male,1999-08-03,Student
1360602,Kevin,Jeffrey,Andrews,9680,Eric Plain,Samanthachester,CT,6375,Male,1999-10-21,Student
1927675,Brittany,Tina,Elliott,2084,Bob Wall,Kathyview,MA,2014,Female,1998-09-14,Student
1136231,Brianna,Cassie,Oconnor,4130,Johnson Manor,Andrewborough,NY,12175,Female,1995-09-18,Student
1664561,Brianna,Abigail,Shaffer,2894,Alan Mount,New Michaeltown,NY,13547,Female,1999-07-07,Student
1190494,Mitchell,Nathaniel,Burns,3932,Robbins Throughway,Martinmouth,NY,13544,Male,2002-02-07,Student
1841980,David,Javier,Cisneros,3443,Amanda Forge,Burnsfurt,NJ,7713,Male,2005-06-02,Student
1689132,Joseph,Michael,Monroe,3145,Ryan Ports,Amyfort,CT,6245,Male,2007-02-12,Student
1321584,Kirk,Daniel,Allen,8678,Joshua Roads,Davisside,MD,21435,Male,1998-06-18,Student
1180720,Emily,Emma,Gonzalez,9208,Vasquez Squares,Port Hannahland,NY,10005,Female,1994-10-09,Student
1335700,Benjamin,Eddie,Jensen,3408,Denise Parkway,Smithmouth,CT,6256,Male,2003-12-22,Student
1923031,Jared,Christopher,Mitchell,7327,Macdonald Island,South Nathanshire,TX,76373,Male,1995-10-19,Student
1193631,Tammy,Jade,Ramirez,8775,Kayla Mountains,Lechester,IL,61519,Female,2006-06-23,Student
1818953,Victor,Carl,Kennedy,3614,Teresa Mountains,Littlebury,NJ,8480,Male,2005-05-27,Student
1184173,Melissa,Mary,Campbell,7260,Doyle Trail,Kellyside,NY,12658,Female,1997-12-02,Student
1722077,Curtis,Ricky,Mahoney,6623,Davis Village,Johnstonbury,NY,11947,Male,2006-06-11,Student
1211432,Jeffrey,Steven,Johnson,6046,Sierra Spurs,Heatherside,IL,61664,Male,1996-03-29,Student
1697025,Kara,Penny,Burton,7914,Anna Rest,North Reginaldside,NY,10413,Female,2004-07-31,Student
9180851,Patricia,Gloria,Brown,8097,Rebecca Light,South Andrewview,NY,14638,Female,1954-12-20,Faculty
1553710,Edward,Spencer,Murphy,6193,Rebecca Forge,Manningfurt,FL,33371,Male,1995-06-21,Student
1068164,Sarah,Hannah,Hayes,4967,Lauren Ridges,Darleneburgh,OH,43414,Female,2003-06-10,Student
1600094,Glenn,Collin,Lee,8738,Brendan Port,North Timothy,NJ,7798,Male,2002-06-06,Student
1634813,Sharon,Diana,Owens,8124,Sean Parkway,Kaylaland,CA,91135,Female,2005-06-08,Student
1704095,Cristian,Benjamin,Molina,1904,Hunt Corners,East Joshuamouth,FL,32850,Male,1998-10-18,Student
1132988,Noah,Jose,Becker,3312,Martha Manors,Dustinfort,MA,2713,Male,1998-06-29,Student
1750358,Karen,Emily,Mcmahon,7154,Brown Trace,Lake Stacey,CA,95452,Female,1996-02-18,Student
1068502,Cheryl,Kathleen,Lozano,6500,Courtney Heights,Port Jim,NY,10772,Female,1994-11-25,Student
1814751,Thomas,Michael,Daniel,2869,Caldwell Mountains,North Nicolemouth,NY,14655,Male,1998-09-06,Student
1987727,Pamela,Joanna,Brown,4254,Fernandez Meadow,Powellberg,NY,11270,Female,1999-08-10,Student
1167450,Tabitha,Marie,Alvarez,3920,Frances Lane,Michaelbury,PA,15112,Female,2002-08-30,Student
1571273,Kelly,Elizabeth,Dean,6792,Wood Expressway,Port Karina,NY,13043,Female,2001-11-13,Student
1447832,Kelly,Paula,Bryant,8309,Christopher Corners,Randallborough,NY,12975,Female,2001-06-04,Student
1254456,Jennifer,Karen,Anderson,5605,Ruth Square,Josephborough,NY,13059,Female,1996-03-05,Student
1509660,Angela,Rebecca,Huber,2681,Hawkins Passage,Port Frank,NY,12852,Female,2004-03-21,Student
1850293,Mathew,Benjamin,Cummings,8148,Tina Mountains,Port Erinbury,VA,23020,Male,2004-12-23,Student
1197431,Holly,Ashley,Watkins,8761,Garcia Courts,Stevensport,CA,90386,Female,2007-08-03,Student
1656636,Felicia,Deborah,Williams,6697,Stephanie Ways,South Josephside,NY,14128,Female,1995-01-29,Student
1518645,Charles,James,Lewis,9803,Joe Meadow,West Williambury,IL,61016,Male,2001-05-24,Student
1972880,Brandon,Matthew,Stark,1512,Khan Trail,Velazquezmouth,NY,14796,Male,2007-07-17,Student
1032297,Brianna,Andrea,Jimenez,2560,Lawrence Knolls,Sanfordville,TX,78241,Female,2004-06-27,Student
1993850,Jennifer,Holly,Mueller,9913,White Estate,North Karinashire,CA,95932,Female,2006-05-18,Student
1388039,Luis,Robert,Singleton,1134,Cox Trail,Francisfurt,NY,11617,Male,2005-06-05,Student
1979279,Cody,Edward,Berry,3979,Mora Stravenue,East Mark,PA,18958,Male,2004-04-04,Student
1013341,Francisco,Brian,Robinson,6824,Chen Loaf,Lake Regina,MA,2125,Male,2000-10-14,Student
1927933,Samuel,David,Ramirez,7008,Elizabeth Hollow,Port Courtneyville,NY,11994,Male,1999-09-29,Student
1690239,Ryan,Jorge,Allison,3569,Nicole Forge,New Rachelburgh,NY,11716,Male,1996-10-16,Student
1495167,Kelly,Tracy,Myers,1272,Colleen Fort,New Rose,VA,24260,Female,2005-04-17,Student
1035482,William,David,Sandoval,9598,Brianna Estate,New Jeffrey,MA,1578,Male,1997-12-22,Student
1188043,Leslie,Jenna,Moore,7125,Jeffrey Harbors,Robertfort,NJ,8388,Female,1999-02-09,Student
1643415,Laura,Ana,Case,7109,Madison Freeway,West Kimberlyview,NY,13036,Female,2002-08-08,Student
1595962,Charles,William,Warren,5378,Matthew Trace,North Christopher,NJ,8428,Male,2000-12-12,Student
1353859,Paula,Elizabeth,Cruz,8704,Burns Row,Lake Sarahchester,FL,33948,Female,2001-02-26,Student
1075930,Hector,Jeffrey,Wheeler,9253,Matthews Gateway,Michaelstad,NY,11246,Male,2001-02-26,Student
1001710,Traci,Michaela,Mason,9087,Derrick Road,Davidton,CT,6368,Female,2006-03-02,Student
1908896,Kevin,Mark,Willis,6476,William Mission,East Aimeeberg,NY,10953,Male,1997-09-10,Student
1000684,Michael,Patrick,Davis,9517,Baker Centers,New Julie,NJ,8304,Male,2007-02-02,Student
1887311,Cassandra,Crystal,Hernandez,2219,John Vista,North Jordanshire,NJ,7547,Female,1998-08-07,Student
1078818,Yvette,Amanda,Walters,4679,Smith Alley,Wigginston,NY,12334,Female,1995-02-20,Student
1337458,Steven,Darin,Sanchez,2315,Leroy Viaduct,South Paul,MA,2437,Male,2002-03-06,Student
1074222,Javier,Gary,Nelson,5099,Rivers Pine,South Andre,NJ,8932,Male,1996-06-23,Student
1340092,Jane,Samantha,Smith,2621,Howard Land,South Ryanville,NJ,7407,Female,1997-09-12,Student
1992621,Cindy,Cynthia,Williams,2536,Perkins Station,North Chad,MD,21823,Female,1995-02-24,Student
1490221,Zachary,Brandon,Thomas,6362,David Gardens,Christinaland,NY,10382,Male,1999-04-11,Student
1870448,Miranda,Angela,Barnes,9538,Padilla Landing,Marymouth,NJ,8808,Female,2005-07-25,Student
1157626,Nathan,Terry,Thompson,6365,Nancy Dale,East Jessica,NY,10067,Male,1996-07-02,Student
1476807,Shannon,Sheri,Pollard,1959,Scott Pine,West Richard,NY,13849,Female,1997-01-02,Student
1711714,Richard,John,Jackson,5176,Wade Key,Port Laura,VA,23767,Male,2002-04-10,Student
1184599,Jennifer,Patricia,May,1657,Gross Locks,East Lucaston,VA,24083,Female,2002-01-17,Student
1327545,Johnny,Michael,Sanchez,7785,Christopher Haven,West Kentville,MA,2522,Male,2006-07-12,Student
1812502,Ashley,Jessica,Johnson,6777,Perez Radial,Lynnberg,FL,34025,Female,2004-09-13,Student
1445620,Laura,Denise,Liu,8228,Matthew Green,Grahamton,NY,12705,Female,1998-10-09,Student
1316785,Brittney,Tonya,Rose,8074,Misty Spring,Robinsonside,NY,13249,Female,2005-01-10,Student
1131819,Christine,Carrie,Benson,5325,Kelly Unions,South Jeffery,IL,61591,Female,2004-03-22,Student
1888411,Lauren,Brianna,Smith,5074,Harvey Estates,Odonnellborough,NY,12537,Female,2006-09-15,Student
1607570,Roger,Brian,Harrington,5870,David Isle,North Matthewville,NY,11127,Male,1997-10-29,Student
1574522,Jason,Scott,Arnold,1157,Kristin Plains,West Jamesbury,MA,1477,Male,2002-06-09,Student
1879685,Jessica,Brianna,Schaefer,5398,Walker Square,West Yvonnehaven,VA,23199,Female,1999-05-16,Student
1539501,Ruth,Elizabeth,Bowers,8047,Nicholas Trace,North Christopher,NJ,8017,Female,1997-12-26,Student
1330955,Jeremy,Seth,Sanchez,4761,Sanders Valleys,New Rachel,NY,12881,Male,2000-06-11,Student
1889922,Samantha,Savannah,Smith,8721,Gibbs Trail,North Brian,OH,43226,Female,1997-07-23,Student
1558667,Travis,Brandon,Greene,5540,Johnson Cliff,Wongville,NJ,7857,Male,2006-06-03,Student
1780774,Misty,Stephanie,Dennis,7546,Morgan Drive,Jillianburgh,CA,92817,Female,1995-05-08,Student
1282509,Shannon,Lisa,Hernandez,4911,Rodriguez Crossroad,Robinsonberg,NY,11714,Female,2000-06-09,Student
1346339,Paul,Blake,Jackson,5453,Lane Shoals,Klineberg,MA,1782,Male,1996-07-02,Student
1455312,Gary,David,Murphy,7853,Victoria Hill,Lake Jamesview,NY,11729,Male,1997-12-04,Student
1691664,Justin,Miguel,Cook,9559,Monique Shore,South Darrylchester,MA,2185,Male,1994-11-14,Student
1967491,Tracey,Tracy,Rojas,3805,Hunt View,Port Melanie,NY,14642,Female,1999-07-30,Student
1561565,Timothy,Darrell,Burns,5194,Jones Drive,Lake Zoe,VA,24528,Male,2005-05-31,Student
1557603,Mark,Daniel,Chapman,7877,Goodwin Extension,South Brianborough,NY,14018,Male,1999-07-12,Student
1447005,Brandon,William,Rodriguez,4657,Choi River,Kimberlybury,NY,11786,Male,1995-11-05,Student
1762373,Marie,Mary,Hernandez,8304,Isaac Dam,South Lisa,NY,11862,Female,1999-02-10,Student
1909463,Joseph,Collin,Cabrera,1730,Hannah Camp,Youngberg,MA,1828,Male,2000-01-18,Student
1009632,Clinton,Jonathan,Williams,5236,Black Ramp,South Margaret,MA,2658,Male,2000-06-10,Student
1539569,Veronica,Joanna,Reeves,7509,Kenneth Plains,Port Joseph,NY,12933,Female,2006-12-17,Student
1260267,Samantha,Jennifer,Turner,3289,Phillips Fields,Port Carolynhaven,NY,13933,Female,2000-09-22,Student
1893109,Mckenzie,Amanda,Fischer,9512,Chung Squares,Suarezbury,CT,6008,Female,2000-08-03,Student
1855104,Jacob,Kenneth,Long,6057,Maria Light,East Andrea,CT,6376,Male,2000-02-01,Student
1090583,Joy,Donna,Wall,9296,Monique Mount,Jennaview,NJ,7081,Female,1995-08-10,Student
1616937,Timothy,Jeremy,Walker,3405,Miller Inlet,North Sabrinaview,NY,13466,Male,2000-12-31,Student
9253781,Brenda,Tamara,Christensen,4018,Corey Mountains,Jennifertown,NY,10325,Female,1992-05-27,Faculty
1744421,Sherry,Claudia,Nelson,5781,Bailey Inlet,New Dawn,CT,6077,Female,1997-08-01,Student
1360226,Tiffany,Yvonne,Garcia,5346,Amanda Streets,West Brian,NY,10391,Female,2001-05-07,Student
1076149,Elizabeth,Kimberly,Estrada,2061,Marshall Plains,Michaelfurt,NY,12196,Female,1999-06-03,Student
1082665,Kelli,Joann,Wilson,8468,Burton Isle,Duffyton,MA,1550,Female,2001-01-13,Student
1618050,Erica,Christina,Robinson,2100,Anderson Stravenue,Lake Carl,CT,6222,Female,2001-04-12,Student
1172264,Samantha,Debra,White,3259,Shields Pine,New Matthew,NY,14079,Female,2003-10-30,Student
1611642,Laura,Diane,Cox,1615,Sandra Valley,Webbshire,NY,10434,Female,1998-02-24,Student
1195800,Anthony,Micheal,Garcia,8420,Shawn Manors,Sarachester,VA,22651,Male,1999-12-18,Student
1819163,Margaret,Kathryn,Jones,3091,Carter Way,Michaelview,NY,10680,Female,2007-04-07,Student
1817374,Nicole,Crystal,Wilson,6722,Jamie Ford,East Edwardport,MA,2181,Female,1996-08-10,Student
1180317,Philip,Michael,Gregory,3619,Brooke Wells,Bernardland,CA,93631,Male,2002-01-10,Student
1942656,Alexander,Ryan,Estrada,1519,Stanley Stravenue,Amandabury,NY,13983,Male,2000-05-12,Student
1150374,Taylor,Destiny,Rodriguez,1855,Brittney Corner,New Joshuahaven,NY,12445,Female,2004-03-26,Student
1092695,Paul,Nicholas,Lane,7145,Mosley Estates,Smithberg,NY,11747,Male,1999-11-20,Student
1907068,Linda,Jessica,Hess,3023,Lawson Trail,Donaldport,NY,11006,Female,1996-01-03,Student
1839671,Randy,Matthew,Allison,4854,Washington Dale,New Davidmouth,MA,2430,Male,2006-01-11,Student
1817449,Lisa,Evelyn,Shepherd,1217,Lucas Burgs,South Daniel,CT,6268,Female,2004-03-17,Student
1269054,Raymond,Tony,Lopez,5223,Hayes Groves,Amandaton,NJ,8841,Male,2007-02-15,Student
1155708,Elizabeth,Jessica,Franco,1868,Shields Place,Murphyberg,NY,10814,Female,1999-07-21,Student
1092636,Frank,Eddie,Ray,7861,Walters Expressway,North Jasmine,FL,34100,Male,1998-02-12,Student
1843996,Stacy,Sarah,Palmer,1233,John Course,Garyside,NY,11935,Female,1995-02-09,Student
1418110,Amanda,Judith,Butler,7959,Vasquez Land,Jonesfurt,NJ,7171,Female,1997-01-08,Student
1035066,John,Justin,Middleton,7183,Ewing Lights,Rochaside,NY,12477,Male,2003-05-29,Student
1295264,Tony,John,Gray,8218,Rodriguez Greens,East Patricia,NY,10684,Male,2002-01-08,Student
1473068,Amy,Vanessa,Smith,7753,Vincent Corners,Dylanview,NJ,8595,Female,2002-07-20,Student
9116333,Nicole,Monica,Moore,1574,Jay Glen,Lake Meganhaven,NY,12558,Female,1964-03-21,Faculty
1347919,Rachel,Danielle,Butler,6310,Dylan Coves,Kennethside,PA,19301,Female,2003-11-17,Student
1340520,Sherry,Rhonda,Roberts,5204,Williams Springs,New Deborah,NY,14052,Female,2007-04-12,Student
1321885,Ryan,Phillip,Spence,4622,Campbell Greens,West Ericbury,NY,12188,Male,2006-10-25,Student
1143622,Nicole,Rachel,Martinez,2608,Douglas Street,Patrickbury,NY,12005,Female,1997-10-30,Student
1384749,Kathryn,Cynthia,Black,5480,Deborah Vista,Mariachester,CT,6241,Female,2007-02-11,Student
